<?xml version="1.0" encoding="utf-8"?>
<index version="1" name="chmaha Scripts" commit="7ccffe01054d11fcb65dcd59ce1c21c8460347ee">
  <category name="RCPlugs">
    <reapack name="rcplugs.jsfx" type="effect" desc="RCPlugs">
      <metadata>
        <description><![CDATA[{\rtf1\ansi\deff0{\fonttbl{\f0 \fswiss Helvetica;}{\f1 \fmodern Courier;}}
{\colortbl;\red255\green0\blue0;\red0\green0\blue255;}
\widowctrl\hyphauto

{\pard \ql \f0 \sa180 \li0 \fi0 These plugins are suitable for classical music mixing and mastering.\par}
}
]]></description>
      </metadata>
      <version name="1.12" author="chmaha" time="2024-10-03T11:57:57Z">
        <changelog><![CDATA[Mid-Side: Show pan controls]]></changelog>
        <source file="RCComp.jsfx">https://github.com/chmaha/ReaClassical/raw/e0b70d2932030a1c046d21efba035ccd9c70c1ae/RCPlugs/RCComp.jsfx</source>
        <source file="RCDeEss.jsfx">https://github.com/chmaha/ReaClassical/raw/e0b70d2932030a1c046d21efba035ccd9c70c1ae/RCPlugs/RCDeEss.jsfx</source>
        <source file="RCDeEss_Advanced.jsfx">https://github.com/chmaha/ReaClassical/raw/e0b70d2932030a1c046d21efba035ccd9c70c1ae/RCPlugs/RCDeEss_Advanced.jsfx</source>
        <source file="RCDither.jsfx">https://github.com/chmaha/ReaClassical/raw/e0b70d2932030a1c046d21efba035ccd9c70c1ae/RCPlugs/RCDither.jsfx</source>
        <source file="RCChannelEQ.jsfx">https://github.com/chmaha/ReaClassical/raw/e0b70d2932030a1c046d21efba035ccd9c70c1ae/RCPlugs/RCChannelEQ.jsfx</source>
        <source file="RCGain.jsfx">https://github.com/chmaha/ReaClassical/raw/e0b70d2932030a1c046d21efba035ccd9c70c1ae/RCPlugs/RCGain.jsfx</source>
        <source file="RCLimiter.jsfx">https://github.com/chmaha/ReaClassical/raw/e0b70d2932030a1c046d21efba035ccd9c70c1ae/RCPlugs/RCLimiter.jsfx</source>
        <source file="RCParallelK.jsfx">https://github.com/chmaha/ReaClassical/raw/e0b70d2932030a1c046d21efba035ccd9c70c1ae/RCPlugs/RCParallelK.jsfx</source>
        <source file="RCMasteringEQ.jsfx">https://github.com/chmaha/ReaClassical/raw/e0b70d2932030a1c046d21efba035ccd9c70c1ae/RCPlugs/RCMasteringEQ.jsfx</source>
        <source file="RCInflator.jsfx">https://github.com/chmaha/ReaClassical/raw/e0b70d2932030a1c046d21efba035ccd9c70c1ae/RCPlugs/RCInflator.jsfx</source>
        <source file="RCTimePhase.jsfx">https://github.com/chmaha/ReaClassical/raw/e0b70d2932030a1c046d21efba035ccd9c70c1ae/RCPlugs/RCTimePhase.jsfx</source>
        <source file="RCConsoleBus.jsfx">https://github.com/chmaha/ReaClassical/raw/e0b70d2932030a1c046d21efba035ccd9c70c1ae/RCPlugs/RCConsoleBus.jsfx</source>
        <source file="RCConsoleChannel.jsfx">https://github.com/chmaha/ReaClassical/raw/e0b70d2932030a1c046d21efba035ccd9c70c1ae/RCPlugs/RCConsoleChannel.jsfx</source>
        <source file="RCConsoleFinalizer.jsfx">https://github.com/chmaha/ReaClassical/raw/e0b70d2932030a1c046d21efba035ccd9c70c1ae/RCPlugs/RCConsoleFinalizer.jsfx</source>
        <source file="RCMidSide.jsfx">https://github.com/chmaha/ReaClassical/raw/e0b70d2932030a1c046d21efba035ccd9c70c1ae/RCPlugs/RCMidSide.jsfx</source>
      </version>
      <version name="1.13" author="chmaha" time="2024-10-15T18:47:56Z">
        <changelog><![CDATA[RCInflator: Correct typo in name]]></changelog>
        <source file="RCComp.jsfx">https://github.com/chmaha/ReaClassical/raw/05b989ef6678cd758ab8723d30d0efd982c6e22a/RCPlugs/RCComp.jsfx</source>
        <source file="RCDeEss.jsfx">https://github.com/chmaha/ReaClassical/raw/05b989ef6678cd758ab8723d30d0efd982c6e22a/RCPlugs/RCDeEss.jsfx</source>
        <source file="RCDeEss_Advanced.jsfx">https://github.com/chmaha/ReaClassical/raw/05b989ef6678cd758ab8723d30d0efd982c6e22a/RCPlugs/RCDeEss_Advanced.jsfx</source>
        <source file="RCDither.jsfx">https://github.com/chmaha/ReaClassical/raw/05b989ef6678cd758ab8723d30d0efd982c6e22a/RCPlugs/RCDither.jsfx</source>
        <source file="RCChannelEQ.jsfx">https://github.com/chmaha/ReaClassical/raw/05b989ef6678cd758ab8723d30d0efd982c6e22a/RCPlugs/RCChannelEQ.jsfx</source>
        <source file="RCGain.jsfx">https://github.com/chmaha/ReaClassical/raw/05b989ef6678cd758ab8723d30d0efd982c6e22a/RCPlugs/RCGain.jsfx</source>
        <source file="RCLimiter.jsfx">https://github.com/chmaha/ReaClassical/raw/05b989ef6678cd758ab8723d30d0efd982c6e22a/RCPlugs/RCLimiter.jsfx</source>
        <source file="RCParallelK.jsfx">https://github.com/chmaha/ReaClassical/raw/05b989ef6678cd758ab8723d30d0efd982c6e22a/RCPlugs/RCParallelK.jsfx</source>
        <source file="RCMasteringEQ.jsfx">https://github.com/chmaha/ReaClassical/raw/05b989ef6678cd758ab8723d30d0efd982c6e22a/RCPlugs/RCMasteringEQ.jsfx</source>
        <source file="RCInflator.jsfx">https://github.com/chmaha/ReaClassical/raw/05b989ef6678cd758ab8723d30d0efd982c6e22a/RCPlugs/RCInflator.jsfx</source>
        <source file="RCTimePhase.jsfx">https://github.com/chmaha/ReaClassical/raw/05b989ef6678cd758ab8723d30d0efd982c6e22a/RCPlugs/RCTimePhase.jsfx</source>
        <source file="RCConsoleBus.jsfx">https://github.com/chmaha/ReaClassical/raw/05b989ef6678cd758ab8723d30d0efd982c6e22a/RCPlugs/RCConsoleBus.jsfx</source>
        <source file="RCConsoleChannel.jsfx">https://github.com/chmaha/ReaClassical/raw/05b989ef6678cd758ab8723d30d0efd982c6e22a/RCPlugs/RCConsoleChannel.jsfx</source>
        <source file="RCConsoleFinalizer.jsfx">https://github.com/chmaha/ReaClassical/raw/05b989ef6678cd758ab8723d30d0efd982c6e22a/RCPlugs/RCConsoleFinalizer.jsfx</source>
        <source file="RCMidSide.jsfx">https://github.com/chmaha/ReaClassical/raw/05b989ef6678cd758ab8723d30d0efd982c6e22a/RCPlugs/RCMidSide.jsfx</source>
      </version>
    </reapack>
  </category>
  <category name="ReaClassical">
    <reapack name="ReaClassical.lua" type="script" desc="ReaClassical">
      <metadata>
        <description><![CDATA[{\rtf1\ansi\deff0{\fonttbl{\f0 \fswiss Helvetica;}{\f1 \fmodern Courier;}}
{\colortbl;\red255\green0\blue0;\red0\green0\blue255;}
\widowctrl\hyphauto

{\pard \ql \f0 \sa180 \li0 \fi0 These scripts, along with the included custom project template and theme, provide everything you need for professional classical music editing, mixing and mastering in REAPER.\par}
}
]]></description>
      </metadata>
      <version name="24.99.1" author="chmaha" time="2024-12-04T12:35:53Z">
        <changelog><![CDATA[Take Counter: Revert switch to alt recording]]></changelog>
        <source main="main" file="ReaClassical_Add Destination IN marker.lua">https://github.com/chmaha/ReaClassical/raw/f8bd7ce0bd599e0e712b58a5ed2778eb181977e5/ReaClassical/ReaClassical_Add%20Destination%20IN%20marker.lua</source>
        <source main="main" file="ReaClassical_Add Destination OUT Marker.lua">https://github.com/chmaha/ReaClassical/raw/f8bd7ce0bd599e0e712b58a5ed2778eb181977e5/ReaClassical/ReaClassical_Add%20Destination%20OUT%20Marker.lua</source>
        <source main="main" file="ReaClassical_Add Source IN marker.lua">https://github.com/chmaha/ReaClassical/raw/f8bd7ce0bd599e0e712b58a5ed2778eb181977e5/ReaClassical/ReaClassical_Add%20Source%20IN%20marker.lua</source>
        <source main="main" file="ReaClassical_Add Source OUT marker.lua">https://github.com/chmaha/ReaClassical/raw/f8bd7ce0bd599e0e712b58a5ed2778eb181977e5/ReaClassical/ReaClassical_Add%20Source%20OUT%20marker.lua</source>
        <source main="main" file="ReaClassical_Classical Crossfade Editor.lua">https://github.com/chmaha/ReaClassical/raw/f8bd7ce0bd599e0e712b58a5ed2778eb181977e5/ReaClassical/ReaClassical_Classical%20Crossfade%20Editor.lua</source>
        <source main="main" file="ReaClassical_Classical Crossfade.lua">https://github.com/chmaha/ReaClassical/raw/f8bd7ce0bd599e0e712b58a5ed2778eb181977e5/ReaClassical/ReaClassical_Classical%20Crossfade.lua</source>
        <source main="main" file="ReaClassical_Classical Take Record.lua">https://github.com/chmaha/ReaClassical/raw/f8bd7ce0bd599e0e712b58a5ed2778eb181977e5/ReaClassical/ReaClassical_Classical%20Take%20Record.lua</source>
        <source main="main" file="ReaClassical_Delete All S-D markers.lua">https://github.com/chmaha/ReaClassical/raw/f8bd7ce0bd599e0e712b58a5ed2778eb181977e5/ReaClassical/ReaClassical_Delete%20All%20S-D%20markers.lua</source>
        <source main="main" file="ReaClassical_Duplicate folder (No items).lua">https://github.com/chmaha/ReaClassical/raw/f8bd7ce0bd599e0e712b58a5ed2778eb181977e5/ReaClassical/ReaClassical_Duplicate%20folder%20(No%20items).lua</source>
        <source main="main" file="ReaClassical_Edit Classical Crossfade.lua">https://github.com/chmaha/ReaClassical/raw/f8bd7ce0bd599e0e712b58a5ed2778eb181977e5/ReaClassical/ReaClassical_Edit%20Classical%20Crossfade.lua</source>
        <source main="main" file="ReaClassical_Prepare Takes.lua">https://github.com/chmaha/ReaClassical/raw/f8bd7ce0bd599e0e712b58a5ed2778eb181977e5/ReaClassical/ReaClassical_Prepare%20Takes.lua</source>
        <source main="main" file="ReaClassical_S-D Edit.lua">https://github.com/chmaha/ReaClassical/raw/f8bd7ce0bd599e0e712b58a5ed2778eb181977e5/ReaClassical/ReaClassical_S-D%20Edit.lua</source>
        <source main="main" file="ReaClassical_Whole Project View Horizontal.lua">https://github.com/chmaha/ReaClassical/raw/f8bd7ce0bd599e0e712b58a5ed2778eb181977e5/ReaClassical/ReaClassical_Whole%20Project%20View%20Horizontal.lua</source>
        <source main="main" file="ReaClassical_Whole Project View Vertical.lua">https://github.com/chmaha/ReaClassical/raw/f8bd7ce0bd599e0e712b58a5ed2778eb181977e5/ReaClassical/ReaClassical_Whole%20Project%20View%20Vertical.lua</source>
        <source main="main" file="ReaClassical_Vertical Workflow.lua">https://github.com/chmaha/ReaClassical/raw/f8bd7ce0bd599e0e712b58a5ed2778eb181977e5/ReaClassical/ReaClassical_Vertical%20Workflow.lua</source>
        <source main="main" file="ReaClassical_Audition.lua">https://github.com/chmaha/ReaClassical/raw/f8bd7ce0bd599e0e712b58a5ed2778eb181977e5/ReaClassical/ReaClassical_Audition.lua</source>
        <source main="main" file="ReaClassical_Delete Leaving Silence.lua">https://github.com/chmaha/ReaClassical/raw/f8bd7ce0bd599e0e712b58a5ed2778eb181977e5/ReaClassical/ReaClassical_Delete%20Leaving%20Silence.lua</source>
        <source main="main" file="ReaClassical_Delete With Ripple.lua">https://github.com/chmaha/ReaClassical/raw/f8bd7ce0bd599e0e712b58a5ed2778eb181977e5/ReaClassical/ReaClassical_Delete%20With%20Ripple.lua</source>
        <source main="main" file="ReaClassical_Insert with timestretching.lua">https://github.com/chmaha/ReaClassical/raw/f8bd7ce0bd599e0e712b58a5ed2778eb181977e5/ReaClassical/ReaClassical_Insert%20with%20timestretching.lua</source>
        <source main="main" file="ReaClassical_Horizontal Workflow.lua">https://github.com/chmaha/ReaClassical/raw/f8bd7ce0bd599e0e712b58a5ed2778eb181977e5/ReaClassical/ReaClassical_Horizontal%20Workflow.lua</source>
        <source main="main" file="ReaClassical_Lock_toggle.lua">https://github.com/chmaha/ReaClassical/raw/f8bd7ce0bd599e0e712b58a5ed2778eb181977e5/ReaClassical/ReaClassical_Lock_toggle.lua</source>
        <source main="main" file="ReaClassical_Create CD Markers.lua">https://github.com/chmaha/ReaClassical/raw/f8bd7ce0bd599e0e712b58a5ed2778eb181977e5/ReaClassical/ReaClassical_Create%20CD%20Markers.lua</source>
        <source main="main" file="ReaClassical_Help.lua">https://github.com/chmaha/ReaClassical/raw/f8bd7ce0bd599e0e712b58a5ed2778eb181977e5/ReaClassical/ReaClassical_Help.lua</source>
        <source main="main" file="ReaClassical_Next Item or Fade.lua">https://github.com/chmaha/ReaClassical/raw/f8bd7ce0bd599e0e712b58a5ed2778eb181977e5/ReaClassical/ReaClassical_Next%20Item%20or%20Fade.lua</source>
        <source main="main" file="ReaClassical_Previous Item or Fade.lua">https://github.com/chmaha/ReaClassical/raw/f8bd7ce0bd599e0e712b58a5ed2778eb181977e5/ReaClassical/ReaClassical_Previous%20Item%20or%20Fade.lua</source>
        <source main="main" file="ReaClassical_Add Aux.lua">https://github.com/chmaha/ReaClassical/raw/f8bd7ce0bd599e0e712b58a5ed2778eb181977e5/ReaClassical/ReaClassical_Add%20Aux.lua</source>
        <source main="main" file="ReaClassical_Add Submix.lua">https://github.com/chmaha/ReaClassical/raw/f8bd7ce0bd599e0e712b58a5ed2778eb181977e5/ReaClassical/ReaClassical_Add%20Submix.lua</source>
        <source main="main" file="ReaClassical_Reposition_Album_Tracks.lua">https://github.com/chmaha/ReaClassical/raw/f8bd7ce0bd599e0e712b58a5ed2778eb181977e5/ReaClassical/ReaClassical_Reposition_Album_Tracks.lua</source>
        <source main="main" file="ReaClassical_mpl_Markers to CUE.lua">https://github.com/chmaha/ReaClassical/raw/f8bd7ce0bd599e0e712b58a5ed2778eb181977e5/ReaClassical/ReaClassical_mpl_Markers%20to%20CUE.lua</source>
        <source main="main" file="ReaClassical_Preferences.lua">https://github.com/chmaha/ReaClassical/raw/f8bd7ce0bd599e0e712b58a5ed2778eb181977e5/ReaClassical/ReaClassical_Preferences.lua</source>
        <source main="main" file="ReaClassical_TrackLeft.lua">https://github.com/chmaha/ReaClassical/raw/f8bd7ce0bd599e0e712b58a5ed2778eb181977e5/ReaClassical/ReaClassical_TrackLeft.lua</source>
        <source main="main" file="ReaClassical_TrackRight.lua">https://github.com/chmaha/ReaClassical/raw/f8bd7ce0bd599e0e712b58a5ed2778eb181977e5/ReaClassical/ReaClassical_TrackRight.lua</source>
        <source main="main" file="ReaClassical_ExplodeMultiChannel.lua">https://github.com/chmaha/ReaClassical/raw/f8bd7ce0bd599e0e712b58a5ed2778eb181977e5/ReaClassical/ReaClassical_ExplodeMultiChannel.lua</source>
        <source main="main" file="ReaClassical_Colorize.lua">https://github.com/chmaha/ReaClassical/raw/f8bd7ce0bd599e0e712b58a5ed2778eb181977e5/ReaClassical/ReaClassical_Colorize.lua</source>
        <source main="main" file="ReaClassical_Add RoomTone Track.lua">https://github.com/chmaha/ReaClassical/raw/f8bd7ce0bd599e0e712b58a5ed2778eb181977e5/ReaClassical/ReaClassical_Add%20RoomTone%20Track.lua</source>
        <source main="main" file="ReaClassical_Move to Destination IN marker.lua">https://github.com/chmaha/ReaClassical/raw/f8bd7ce0bd599e0e712b58a5ed2778eb181977e5/ReaClassical/ReaClassical_Move%20to%20Destination%20IN%20marker.lua</source>
        <source main="main" file="ReaClassical_Move to Destination OUT marker.lua">https://github.com/chmaha/ReaClassical/raw/f8bd7ce0bd599e0e712b58a5ed2778eb181977e5/ReaClassical/ReaClassical_Move%20to%20Destination%20OUT%20marker.lua</source>
        <source main="main" file="ReaClassical_Move to Source IN marker.lua">https://github.com/chmaha/ReaClassical/raw/f8bd7ce0bd599e0e712b58a5ed2778eb181977e5/ReaClassical/ReaClassical_Move%20to%20Source%20IN%20marker.lua</source>
        <source main="main" file="ReaClassical_Move to Source OUT marker.lua">https://github.com/chmaha/ReaClassical/raw/f8bd7ce0bd599e0e712b58a5ed2778eb181977e5/ReaClassical/ReaClassical_Move%20to%20Source%20OUT%20marker.lua</source>
        <source main="main" file="ReaClassical_Zoom to Destination IN marker.lua">https://github.com/chmaha/ReaClassical/raw/f8bd7ce0bd599e0e712b58a5ed2778eb181977e5/ReaClassical/ReaClassical_Zoom%20to%20Destination%20IN%20marker.lua</source>
        <source main="main" file="ReaClassical_Zoom to Destination OUT marker.lua">https://github.com/chmaha/ReaClassical/raw/f8bd7ce0bd599e0e712b58a5ed2778eb181977e5/ReaClassical/ReaClassical_Zoom%20to%20Destination%20OUT%20marker.lua</source>
        <source main="main" file="ReaClassical_Zoom to Source IN marker.lua">https://github.com/chmaha/ReaClassical/raw/f8bd7ce0bd599e0e712b58a5ed2778eb181977e5/ReaClassical/ReaClassical_Zoom%20to%20Source%20IN%20marker.lua</source>
        <source main="main" file="ReaClassical_Zoom to Source OUT marker.lua">https://github.com/chmaha/ReaClassical/raw/f8bd7ce0bd599e0e712b58a5ed2778eb181977e5/ReaClassical/ReaClassical_Zoom%20to%20Source%20OUT%20marker.lua</source>
        <source main="main" file="ReaClassical_3-point Insert Edit.lua">https://github.com/chmaha/ReaClassical/raw/f8bd7ce0bd599e0e712b58a5ed2778eb181977e5/ReaClassical/ReaClassical_3-point%20Insert%20Edit.lua</source>
        <source main="main" file="ReaClassical_Updater.lua">https://github.com/chmaha/ReaClassical/raw/f8bd7ce0bd599e0e712b58a5ed2778eb181977e5/ReaClassical/ReaClassical_Updater.lua</source>
        <source main="main" file="ReaClassical_Find Take.lua">https://github.com/chmaha/ReaClassical/raw/f8bd7ce0bd599e0e712b58a5ed2778eb181977e5/ReaClassical/ReaClassical_Find%20Take.lua</source>
        <source main="main" file="ReaClassical_Take Counter.lua">https://github.com/chmaha/ReaClassical/raw/f8bd7ce0bd599e0e712b58a5ed2778eb181977e5/ReaClassical/ReaClassical_Take%20Counter.lua</source>
        <source main="main" file="ReaClassical_Add Track To All Groups.lua">https://github.com/chmaha/ReaClassical/raw/f8bd7ce0bd599e0e712b58a5ed2778eb181977e5/ReaClassical/ReaClassical_Add%20Track%20To%20All%20Groups.lua</source>
        <source main="main" file="ReaClassical_Hide Children.lua">https://github.com/chmaha/ReaClassical/raw/f8bd7ce0bd599e0e712b58a5ed2778eb181977e5/ReaClassical/ReaClassical_Hide%20Children.lua</source>
        <source main="main" file="ReaClassical_Show Children.lua">https://github.com/chmaha/ReaClassical/raw/f8bd7ce0bd599e0e712b58a5ed2778eb181977e5/ReaClassical/ReaClassical_Show%20Children.lua</source>
        <source main="main" file="ReaClassical_Automation Mode.lua">https://github.com/chmaha/ReaClassical/raw/f8bd7ce0bd599e0e712b58a5ed2778eb181977e5/ReaClassical/ReaClassical_Automation%20Mode.lua</source>
        <source main="main" file="ReaClassical_Insert Automation.lua">https://github.com/chmaha/ReaClassical/raw/f8bd7ce0bd599e0e712b58a5ed2778eb181977e5/ReaClassical/ReaClassical_Insert%20Automation.lua</source>
        <source main="main" file="ReaClassical_Set Dest Project Marker.lua">https://github.com/chmaha/ReaClassical/raw/f8bd7ce0bd599e0e712b58a5ed2778eb181977e5/ReaClassical/ReaClassical_Set%20Dest%20Project%20Marker.lua</source>
        <source main="main" file="ReaClassical_Set Source Project Marker.lua">https://github.com/chmaha/ReaClassical/raw/f8bd7ce0bd599e0e712b58a5ed2778eb181977e5/ReaClassical/ReaClassical_Set%20Source%20Project%20Marker.lua</source>
        <source main="main" file="ReaClassical_Delete Track From All Groups.lua">https://github.com/chmaha/ReaClassical/raw/f8bd7ce0bd599e0e712b58a5ed2778eb181977e5/ReaClassical/ReaClassical_Delete%20Track%20From%20All%20Groups.lua</source>
        <source main="main" file="ReaClassical_Add Ref Track.lua">https://github.com/chmaha/ReaClassical/raw/f8bd7ce0bd599e0e712b58a5ed2778eb181977e5/ReaClassical/ReaClassical_Add%20Ref%20Track.lua</source>
        <source main="main" file="ReaClassical_Source Markers to Item Edge.lua">https://github.com/chmaha/ReaClassical/raw/f8bd7ce0bd599e0e712b58a5ed2778eb181977e5/ReaClassical/ReaClassical_Source%20Markers%20to%20Item%20Edge.lua</source>
        <source main="main" file="ReaClassical_Destination Markers to Item Edge.lua">https://github.com/chmaha/ReaClassical/raw/f8bd7ce0bd599e0e712b58a5ed2778eb181977e5/ReaClassical/ReaClassical_Destination%20Markers%20to%20Item%20Edge.lua</source>
        <source main="main" file="ReaClassical_Remove Take Names.lua">https://github.com/chmaha/ReaClassical/raw/f8bd7ce0bd599e0e712b58a5ed2778eb181977e5/ReaClassical/ReaClassical_Remove%20Take%20Names.lua</source>
        <source main="main" file="ReaClassical_Jump To Time.lua">https://github.com/chmaha/ReaClassical/raw/f8bd7ce0bd599e0e712b58a5ed2778eb181977e5/ReaClassical/ReaClassical_Jump%20To%20Time.lua</source>
        <source main="main" file="ReaClassical_Audio Calculator.lua">https://github.com/chmaha/ReaClassical/raw/f8bd7ce0bd599e0e712b58a5ed2778eb181977e5/ReaClassical/ReaClassical_Audio%20Calculator.lua</source>
        <source main="main" file="ReaClassical_Auto Set Recording Inputs.lua">https://github.com/chmaha/ReaClassical/raw/f8bd7ce0bd599e0e712b58a5ed2778eb181977e5/ReaClassical/ReaClassical_Auto%20Set%20Recording%20Inputs.lua</source>
        <source main="main" file="ReaClassical_Mastering Mode.lua">https://github.com/chmaha/ReaClassical/raw/f8bd7ce0bd599e0e712b58a5ed2778eb181977e5/ReaClassical/ReaClassical_Mastering%20Mode.lua</source>
        <source type="projecttpl" file="ReaClassical.RPP">https://github.com/chmaha/ReaClassical/raw/f8bd7ce0bd599e0e712b58a5ed2778eb181977e5/ReaClassical/ReaClassical.RPP</source>
        <source type="theme" file="ReaClassical.ReaperThemeZip">https://github.com/chmaha/ReaClassical/raw/f8bd7ce0bd599e0e712b58a5ed2778eb181977e5/ReaClassical/ReaClassical.ReaperThemeZip</source>
        <source type="theme" file="ReaClassical Light.ReaperThemeZip">https://github.com/chmaha/ReaClassical/raw/f8bd7ce0bd599e0e712b58a5ed2778eb181977e5/ReaClassical/ReaClassical%20Light.ReaperThemeZip</source>
        <source type="theme" file="ReaClassical WaveColors Dark.ReaperThemeZip">https://github.com/chmaha/ReaClassical/raw/f8bd7ce0bd599e0e712b58a5ed2778eb181977e5/ReaClassical/ReaClassical%20WaveColors%20Dark.ReaperThemeZip</source>
        <source type="theme" file="ReaClassical WaveColors Light.ReaperThemeZip">https://github.com/chmaha/ReaClassical/raw/f8bd7ce0bd599e0e712b58a5ed2778eb181977e5/ReaClassical/ReaClassical%20WaveColors%20Light.ReaperThemeZip</source>
        <source file="ReaClassical_Colors_Table.lua">https://github.com/chmaha/ReaClassical/raw/f8bd7ce0bd599e0e712b58a5ed2778eb181977e5/ReaClassical/ReaClassical_Colors_Table.lua</source>
        <source file="ReaClassical-Manual.pdf">https://github.com/chmaha/ReaClassical/raw/f8bd7ce0bd599e0e712b58a5ed2778eb181977e5/PDF-Manual/ReaClassical-Manual.pdf</source>
        <source file="reaclassical-splash.png">https://github.com/chmaha/ReaClassical/raw/f8bd7ce0bd599e0e712b58a5ed2778eb181977e5/ReaClassical/reaclassical-splash.png</source>
        <source file="ReaClassical-menu.ini">https://github.com/chmaha/ReaClassical/raw/f8bd7ce0bd599e0e712b58a5ed2778eb181977e5/ReaClassical/ReaClassical-menu.ini</source>
        <source file="ReaClassical-kb.ini">https://github.com/chmaha/ReaClassical/raw/f8bd7ce0bd599e0e712b58a5ed2778eb181977e5/ReaClassical/ReaClassical-kb.ini</source>
        <source file="audio_calculator.html">https://github.com/chmaha/ReaClassical/raw/f8bd7ce0bd599e0e712b58a5ed2778eb181977e5/audio_calculator.html</source>
        <source file="reaclassical_logo.png">https://github.com/chmaha/ReaClassical/raw/f8bd7ce0bd599e0e712b58a5ed2778eb181977e5/docs/images/reaclassical_os.png</source>
      </version>
      <version name="25.1.1" author="chmaha" time="2024-12-30T19:39:40Z">
        <changelog><![CDATA[NEW: Add 2025 artwork
NEW: Add take ranking
NEW: Audition with custom playback rate
NEW: Add consolidated special tracks dialog
NEW: Audition with custom playback rate
NEW: Increased recording safety
NEW: Shift+F9 to quickly increment take number while recording
ReaClassical Updater: Auto restart if updating keymap or toolbar
Take Counter: Restore window position if closed during recording
ReaClassical Themes: Make item labels bold
Revert to 24-bit recording as default
Horizontal Workflow: Fix mixer reset if project not yet upgraded
Take Counter: Clear section override during cleanup
PDF Manual: Various additions
NOTES: UPDATE KEYMAP WHEN ASKED]]></changelog>
        <source main="main" file="ReaClassical_Add Destination IN marker.lua">https://github.com/chmaha/ReaClassical/raw/7ccffe01054d11fcb65dcd59ce1c21c8460347ee/ReaClassical/ReaClassical_Add%20Destination%20IN%20marker.lua</source>
        <source main="main" file="ReaClassical_Add Destination OUT Marker.lua">https://github.com/chmaha/ReaClassical/raw/7ccffe01054d11fcb65dcd59ce1c21c8460347ee/ReaClassical/ReaClassical_Add%20Destination%20OUT%20Marker.lua</source>
        <source main="main" file="ReaClassical_Add Source IN marker.lua">https://github.com/chmaha/ReaClassical/raw/7ccffe01054d11fcb65dcd59ce1c21c8460347ee/ReaClassical/ReaClassical_Add%20Source%20IN%20marker.lua</source>
        <source main="main" file="ReaClassical_Add Source OUT marker.lua">https://github.com/chmaha/ReaClassical/raw/7ccffe01054d11fcb65dcd59ce1c21c8460347ee/ReaClassical/ReaClassical_Add%20Source%20OUT%20marker.lua</source>
        <source main="main" file="ReaClassical_Classical Crossfade Editor.lua">https://github.com/chmaha/ReaClassical/raw/7ccffe01054d11fcb65dcd59ce1c21c8460347ee/ReaClassical/ReaClassical_Classical%20Crossfade%20Editor.lua</source>
        <source main="main" file="ReaClassical_Classical Crossfade.lua">https://github.com/chmaha/ReaClassical/raw/7ccffe01054d11fcb65dcd59ce1c21c8460347ee/ReaClassical/ReaClassical_Classical%20Crossfade.lua</source>
        <source main="main" file="ReaClassical_Classical Take Record.lua">https://github.com/chmaha/ReaClassical/raw/7ccffe01054d11fcb65dcd59ce1c21c8460347ee/ReaClassical/ReaClassical_Classical%20Take%20Record.lua</source>
        <source main="main" file="ReaClassical_Delete All S-D markers.lua">https://github.com/chmaha/ReaClassical/raw/7ccffe01054d11fcb65dcd59ce1c21c8460347ee/ReaClassical/ReaClassical_Delete%20All%20S-D%20markers.lua</source>
        <source main="main" file="ReaClassical_Duplicate folder (No items).lua">https://github.com/chmaha/ReaClassical/raw/7ccffe01054d11fcb65dcd59ce1c21c8460347ee/ReaClassical/ReaClassical_Duplicate%20folder%20(No%20items).lua</source>
        <source main="main" file="ReaClassical_Edit Classical Crossfade.lua">https://github.com/chmaha/ReaClassical/raw/7ccffe01054d11fcb65dcd59ce1c21c8460347ee/ReaClassical/ReaClassical_Edit%20Classical%20Crossfade.lua</source>
        <source main="main" file="ReaClassical_Prepare Takes.lua">https://github.com/chmaha/ReaClassical/raw/7ccffe01054d11fcb65dcd59ce1c21c8460347ee/ReaClassical/ReaClassical_Prepare%20Takes.lua</source>
        <source main="main" file="ReaClassical_S-D Edit.lua">https://github.com/chmaha/ReaClassical/raw/7ccffe01054d11fcb65dcd59ce1c21c8460347ee/ReaClassical/ReaClassical_S-D%20Edit.lua</source>
        <source main="main" file="ReaClassical_Whole Project View Horizontal.lua">https://github.com/chmaha/ReaClassical/raw/7ccffe01054d11fcb65dcd59ce1c21c8460347ee/ReaClassical/ReaClassical_Whole%20Project%20View%20Horizontal.lua</source>
        <source main="main" file="ReaClassical_Whole Project View Vertical.lua">https://github.com/chmaha/ReaClassical/raw/7ccffe01054d11fcb65dcd59ce1c21c8460347ee/ReaClassical/ReaClassical_Whole%20Project%20View%20Vertical.lua</source>
        <source main="main" file="ReaClassical_Vertical Workflow.lua">https://github.com/chmaha/ReaClassical/raw/7ccffe01054d11fcb65dcd59ce1c21c8460347ee/ReaClassical/ReaClassical_Vertical%20Workflow.lua</source>
        <source main="main" file="ReaClassical_Audition.lua">https://github.com/chmaha/ReaClassical/raw/7ccffe01054d11fcb65dcd59ce1c21c8460347ee/ReaClassical/ReaClassical_Audition.lua</source>
        <source main="main" file="ReaClassical_Delete Leaving Silence.lua">https://github.com/chmaha/ReaClassical/raw/7ccffe01054d11fcb65dcd59ce1c21c8460347ee/ReaClassical/ReaClassical_Delete%20Leaving%20Silence.lua</source>
        <source main="main" file="ReaClassical_Delete With Ripple.lua">https://github.com/chmaha/ReaClassical/raw/7ccffe01054d11fcb65dcd59ce1c21c8460347ee/ReaClassical/ReaClassical_Delete%20With%20Ripple.lua</source>
        <source main="main" file="ReaClassical_Insert with timestretching.lua">https://github.com/chmaha/ReaClassical/raw/7ccffe01054d11fcb65dcd59ce1c21c8460347ee/ReaClassical/ReaClassical_Insert%20with%20timestretching.lua</source>
        <source main="main" file="ReaClassical_Horizontal Workflow.lua">https://github.com/chmaha/ReaClassical/raw/7ccffe01054d11fcb65dcd59ce1c21c8460347ee/ReaClassical/ReaClassical_Horizontal%20Workflow.lua</source>
        <source main="main" file="ReaClassical_Lock_toggle.lua">https://github.com/chmaha/ReaClassical/raw/7ccffe01054d11fcb65dcd59ce1c21c8460347ee/ReaClassical/ReaClassical_Lock_toggle.lua</source>
        <source main="main" file="ReaClassical_Create CD Markers.lua">https://github.com/chmaha/ReaClassical/raw/7ccffe01054d11fcb65dcd59ce1c21c8460347ee/ReaClassical/ReaClassical_Create%20CD%20Markers.lua</source>
        <source main="main" file="ReaClassical_Help.lua">https://github.com/chmaha/ReaClassical/raw/7ccffe01054d11fcb65dcd59ce1c21c8460347ee/ReaClassical/ReaClassical_Help.lua</source>
        <source main="main" file="ReaClassical_Next Item or Fade.lua">https://github.com/chmaha/ReaClassical/raw/7ccffe01054d11fcb65dcd59ce1c21c8460347ee/ReaClassical/ReaClassical_Next%20Item%20or%20Fade.lua</source>
        <source main="main" file="ReaClassical_Previous Item or Fade.lua">https://github.com/chmaha/ReaClassical/raw/7ccffe01054d11fcb65dcd59ce1c21c8460347ee/ReaClassical/ReaClassical_Previous%20Item%20or%20Fade.lua</source>
        <source main="main" file="ReaClassical_Add Aux.lua">https://github.com/chmaha/ReaClassical/raw/7ccffe01054d11fcb65dcd59ce1c21c8460347ee/ReaClassical/ReaClassical_Add%20Aux.lua</source>
        <source main="main" file="ReaClassical_Add Submix.lua">https://github.com/chmaha/ReaClassical/raw/7ccffe01054d11fcb65dcd59ce1c21c8460347ee/ReaClassical/ReaClassical_Add%20Submix.lua</source>
        <source main="main" file="ReaClassical_Reposition_Album_Tracks.lua">https://github.com/chmaha/ReaClassical/raw/7ccffe01054d11fcb65dcd59ce1c21c8460347ee/ReaClassical/ReaClassical_Reposition_Album_Tracks.lua</source>
        <source main="main" file="ReaClassical_mpl_Markers to CUE.lua">https://github.com/chmaha/ReaClassical/raw/7ccffe01054d11fcb65dcd59ce1c21c8460347ee/ReaClassical/ReaClassical_mpl_Markers%20to%20CUE.lua</source>
        <source main="main" file="ReaClassical_Preferences.lua">https://github.com/chmaha/ReaClassical/raw/7ccffe01054d11fcb65dcd59ce1c21c8460347ee/ReaClassical/ReaClassical_Preferences.lua</source>
        <source main="main" file="ReaClassical_TrackLeft.lua">https://github.com/chmaha/ReaClassical/raw/7ccffe01054d11fcb65dcd59ce1c21c8460347ee/ReaClassical/ReaClassical_TrackLeft.lua</source>
        <source main="main" file="ReaClassical_TrackRight.lua">https://github.com/chmaha/ReaClassical/raw/7ccffe01054d11fcb65dcd59ce1c21c8460347ee/ReaClassical/ReaClassical_TrackRight.lua</source>
        <source main="main" file="ReaClassical_ExplodeMultiChannel.lua">https://github.com/chmaha/ReaClassical/raw/7ccffe01054d11fcb65dcd59ce1c21c8460347ee/ReaClassical/ReaClassical_ExplodeMultiChannel.lua</source>
        <source main="main" file="ReaClassical_Colorize.lua">https://github.com/chmaha/ReaClassical/raw/7ccffe01054d11fcb65dcd59ce1c21c8460347ee/ReaClassical/ReaClassical_Colorize.lua</source>
        <source main="main" file="ReaClassical_Add RoomTone Track.lua">https://github.com/chmaha/ReaClassical/raw/7ccffe01054d11fcb65dcd59ce1c21c8460347ee/ReaClassical/ReaClassical_Add%20RoomTone%20Track.lua</source>
        <source main="main" file="ReaClassical_Move to Destination IN marker.lua">https://github.com/chmaha/ReaClassical/raw/7ccffe01054d11fcb65dcd59ce1c21c8460347ee/ReaClassical/ReaClassical_Move%20to%20Destination%20IN%20marker.lua</source>
        <source main="main" file="ReaClassical_Move to Destination OUT marker.lua">https://github.com/chmaha/ReaClassical/raw/7ccffe01054d11fcb65dcd59ce1c21c8460347ee/ReaClassical/ReaClassical_Move%20to%20Destination%20OUT%20marker.lua</source>
        <source main="main" file="ReaClassical_Move to Source IN marker.lua">https://github.com/chmaha/ReaClassical/raw/7ccffe01054d11fcb65dcd59ce1c21c8460347ee/ReaClassical/ReaClassical_Move%20to%20Source%20IN%20marker.lua</source>
        <source main="main" file="ReaClassical_Move to Source OUT marker.lua">https://github.com/chmaha/ReaClassical/raw/7ccffe01054d11fcb65dcd59ce1c21c8460347ee/ReaClassical/ReaClassical_Move%20to%20Source%20OUT%20marker.lua</source>
        <source main="main" file="ReaClassical_Zoom to Destination IN marker.lua">https://github.com/chmaha/ReaClassical/raw/7ccffe01054d11fcb65dcd59ce1c21c8460347ee/ReaClassical/ReaClassical_Zoom%20to%20Destination%20IN%20marker.lua</source>
        <source main="main" file="ReaClassical_Zoom to Destination OUT marker.lua">https://github.com/chmaha/ReaClassical/raw/7ccffe01054d11fcb65dcd59ce1c21c8460347ee/ReaClassical/ReaClassical_Zoom%20to%20Destination%20OUT%20marker.lua</source>
        <source main="main" file="ReaClassical_Zoom to Source IN marker.lua">https://github.com/chmaha/ReaClassical/raw/7ccffe01054d11fcb65dcd59ce1c21c8460347ee/ReaClassical/ReaClassical_Zoom%20to%20Source%20IN%20marker.lua</source>
        <source main="main" file="ReaClassical_Zoom to Source OUT marker.lua">https://github.com/chmaha/ReaClassical/raw/7ccffe01054d11fcb65dcd59ce1c21c8460347ee/ReaClassical/ReaClassical_Zoom%20to%20Source%20OUT%20marker.lua</source>
        <source main="main" file="ReaClassical_3-point Insert Edit.lua">https://github.com/chmaha/ReaClassical/raw/7ccffe01054d11fcb65dcd59ce1c21c8460347ee/ReaClassical/ReaClassical_3-point%20Insert%20Edit.lua</source>
        <source main="main" file="ReaClassical_Updater.lua">https://github.com/chmaha/ReaClassical/raw/7ccffe01054d11fcb65dcd59ce1c21c8460347ee/ReaClassical/ReaClassical_Updater.lua</source>
        <source main="main" file="ReaClassical_Find Take.lua">https://github.com/chmaha/ReaClassical/raw/7ccffe01054d11fcb65dcd59ce1c21c8460347ee/ReaClassical/ReaClassical_Find%20Take.lua</source>
        <source main="main" file="ReaClassical_Take Counter.lua">https://github.com/chmaha/ReaClassical/raw/7ccffe01054d11fcb65dcd59ce1c21c8460347ee/ReaClassical/ReaClassical_Take%20Counter.lua</source>
        <source main="main" file="ReaClassical_Add Track To All Groups.lua">https://github.com/chmaha/ReaClassical/raw/7ccffe01054d11fcb65dcd59ce1c21c8460347ee/ReaClassical/ReaClassical_Add%20Track%20To%20All%20Groups.lua</source>
        <source main="main" file="ReaClassical_Hide Children.lua">https://github.com/chmaha/ReaClassical/raw/7ccffe01054d11fcb65dcd59ce1c21c8460347ee/ReaClassical/ReaClassical_Hide%20Children.lua</source>
        <source main="main" file="ReaClassical_Show Children.lua">https://github.com/chmaha/ReaClassical/raw/7ccffe01054d11fcb65dcd59ce1c21c8460347ee/ReaClassical/ReaClassical_Show%20Children.lua</source>
        <source main="main" file="ReaClassical_Automation Mode.lua">https://github.com/chmaha/ReaClassical/raw/7ccffe01054d11fcb65dcd59ce1c21c8460347ee/ReaClassical/ReaClassical_Automation%20Mode.lua</source>
        <source main="main" file="ReaClassical_Insert Automation.lua">https://github.com/chmaha/ReaClassical/raw/7ccffe01054d11fcb65dcd59ce1c21c8460347ee/ReaClassical/ReaClassical_Insert%20Automation.lua</source>
        <source main="main" file="ReaClassical_Set Dest Project Marker.lua">https://github.com/chmaha/ReaClassical/raw/7ccffe01054d11fcb65dcd59ce1c21c8460347ee/ReaClassical/ReaClassical_Set%20Dest%20Project%20Marker.lua</source>
        <source main="main" file="ReaClassical_Set Source Project Marker.lua">https://github.com/chmaha/ReaClassical/raw/7ccffe01054d11fcb65dcd59ce1c21c8460347ee/ReaClassical/ReaClassical_Set%20Source%20Project%20Marker.lua</source>
        <source main="main" file="ReaClassical_Delete Track From All Groups.lua">https://github.com/chmaha/ReaClassical/raw/7ccffe01054d11fcb65dcd59ce1c21c8460347ee/ReaClassical/ReaClassical_Delete%20Track%20From%20All%20Groups.lua</source>
        <source main="main" file="ReaClassical_Add Ref Track.lua">https://github.com/chmaha/ReaClassical/raw/7ccffe01054d11fcb65dcd59ce1c21c8460347ee/ReaClassical/ReaClassical_Add%20Ref%20Track.lua</source>
        <source main="main" file="ReaClassical_Source Markers to Item Edge.lua">https://github.com/chmaha/ReaClassical/raw/7ccffe01054d11fcb65dcd59ce1c21c8460347ee/ReaClassical/ReaClassical_Source%20Markers%20to%20Item%20Edge.lua</source>
        <source main="main" file="ReaClassical_Destination Markers to Item Edge.lua">https://github.com/chmaha/ReaClassical/raw/7ccffe01054d11fcb65dcd59ce1c21c8460347ee/ReaClassical/ReaClassical_Destination%20Markers%20to%20Item%20Edge.lua</source>
        <source main="main" file="ReaClassical_Remove Take Names.lua">https://github.com/chmaha/ReaClassical/raw/7ccffe01054d11fcb65dcd59ce1c21c8460347ee/ReaClassical/ReaClassical_Remove%20Take%20Names.lua</source>
        <source main="main" file="ReaClassical_Jump To Time.lua">https://github.com/chmaha/ReaClassical/raw/7ccffe01054d11fcb65dcd59ce1c21c8460347ee/ReaClassical/ReaClassical_Jump%20To%20Time.lua</source>
        <source main="main" file="ReaClassical_Audio Calculator.lua">https://github.com/chmaha/ReaClassical/raw/7ccffe01054d11fcb65dcd59ce1c21c8460347ee/ReaClassical/ReaClassical_Audio%20Calculator.lua</source>
        <source main="main" file="ReaClassical_Auto Set Recording Inputs.lua">https://github.com/chmaha/ReaClassical/raw/7ccffe01054d11fcb65dcd59ce1c21c8460347ee/ReaClassical/ReaClassical_Auto%20Set%20Recording%20Inputs.lua</source>
        <source main="main" file="ReaClassical_Mastering Mode.lua">https://github.com/chmaha/ReaClassical/raw/7ccffe01054d11fcb65dcd59ce1c21c8460347ee/ReaClassical/ReaClassical_Mastering%20Mode.lua</source>
        <source main="main" file="ReaClassical_Audition_with_playrate.lua">https://github.com/chmaha/ReaClassical/raw/7ccffe01054d11fcb65dcd59ce1c21c8460347ee/ReaClassical/ReaClassical_Audition_with_playrate.lua</source>
        <source main="main" file="ReaClassical_Increment Take Number While Recording.lua">https://github.com/chmaha/ReaClassical/raw/7ccffe01054d11fcb65dcd59ce1c21c8460347ee/ReaClassical/ReaClassical_Increment%20Take%20Number%20While%20Recording.lua</source>
        <source main="main" file="ReaClassical_Rank Higher.lua">https://github.com/chmaha/ReaClassical/raw/7ccffe01054d11fcb65dcd59ce1c21c8460347ee/ReaClassical/ReaClassical_Rank%20Higher.lua</source>
        <source main="main" file="ReaClassical_Rank Lower.lua">https://github.com/chmaha/ReaClassical/raw/7ccffe01054d11fcb65dcd59ce1c21c8460347ee/ReaClassical/ReaClassical_Rank%20Lower.lua</source>
        <source main="main" file="ReaClassical_Remove Ranking.lua">https://github.com/chmaha/ReaClassical/raw/7ccffe01054d11fcb65dcd59ce1c21c8460347ee/ReaClassical/ReaClassical_Remove%20Ranking.lua</source>
        <source main="main" file="ReaClassical_Add Special Tracks.lua">https://github.com/chmaha/ReaClassical/raw/7ccffe01054d11fcb65dcd59ce1c21c8460347ee/ReaClassical/ReaClassical_Add%20Special%20Tracks.lua</source>
        <source type="projecttpl" file="ReaClassical.RPP">https://github.com/chmaha/ReaClassical/raw/7ccffe01054d11fcb65dcd59ce1c21c8460347ee/ReaClassical/ReaClassical.RPP</source>
        <source type="theme" file="ReaClassical.ReaperThemeZip">https://github.com/chmaha/ReaClassical/raw/7ccffe01054d11fcb65dcd59ce1c21c8460347ee/ReaClassical/ReaClassical.ReaperThemeZip</source>
        <source type="theme" file="ReaClassical Light.ReaperThemeZip">https://github.com/chmaha/ReaClassical/raw/7ccffe01054d11fcb65dcd59ce1c21c8460347ee/ReaClassical/ReaClassical%20Light.ReaperThemeZip</source>
        <source type="theme" file="ReaClassical WaveColors Dark.ReaperThemeZip">https://github.com/chmaha/ReaClassical/raw/7ccffe01054d11fcb65dcd59ce1c21c8460347ee/ReaClassical/ReaClassical%20WaveColors%20Dark.ReaperThemeZip</source>
        <source type="theme" file="ReaClassical WaveColors Light.ReaperThemeZip">https://github.com/chmaha/ReaClassical/raw/7ccffe01054d11fcb65dcd59ce1c21c8460347ee/ReaClassical/ReaClassical%20WaveColors%20Light.ReaperThemeZip</source>
        <source file="ReaClassical_Colors_Table.lua">https://github.com/chmaha/ReaClassical/raw/7ccffe01054d11fcb65dcd59ce1c21c8460347ee/ReaClassical/ReaClassical_Colors_Table.lua</source>
        <source file="ReaClassical-Manual.pdf">https://github.com/chmaha/ReaClassical/raw/7ccffe01054d11fcb65dcd59ce1c21c8460347ee/PDF-Manual/ReaClassical-Manual.pdf</source>
        <source file="reaclassical-splash.png">https://github.com/chmaha/ReaClassical/raw/7ccffe01054d11fcb65dcd59ce1c21c8460347ee/ReaClassical/reaclassical-splash.png</source>
        <source file="ReaClassical-menu.ini">https://github.com/chmaha/ReaClassical/raw/7ccffe01054d11fcb65dcd59ce1c21c8460347ee/ReaClassical/ReaClassical-menu.ini</source>
        <source file="ReaClassical-kb.ini">https://github.com/chmaha/ReaClassical/raw/7ccffe01054d11fcb65dcd59ce1c21c8460347ee/ReaClassical/ReaClassical-kb.ini</source>
        <source file="audio_calculator.html">https://github.com/chmaha/ReaClassical/raw/7ccffe01054d11fcb65dcd59ce1c21c8460347ee/audio_calculator.html</source>
        <source file="reaclassical_logo.png">https://github.com/chmaha/ReaClassical/raw/7ccffe01054d11fcb65dcd59ce1c21c8460347ee/docs/images/reaclassical_os.png</source>
      </version>
    </reapack>
  </category>
</index>
