<?xml version="1.0" encoding="utf-8"?>
<index version="1" name="chmaha Scripts" commit="6665c05bdda32f4b984d080c8ca900e44a6aff4c">
  <category name="RCPlugs">
    <reapack name="rcplugs.jsfx" type="effect" desc="RCPlugs">
      <metadata>
        <description><![CDATA[{\rtf1\ansi\deff0{\fonttbl{\f0 \fswiss Helvetica;}{\f1 \fmodern Courier;}}
{\colortbl;\red255\green0\blue0;\red0\green0\blue255;}
\widowctrl\hyphauto

{\pard \ql \f0 \sa180 \li0 \fi0 These plugins are suitable for classical music mixing and mastering.\par}
}
]]></description>
      </metadata>
      <version name="1.12" author="chmaha" time="2024-10-03T11:57:57Z">
        <changelog><![CDATA[Mid-Side: Show pan controls]]></changelog>
        <source file="RCComp.jsfx">https://github.com/chmaha/ReaClassical/raw/e0b70d2932030a1c046d21efba035ccd9c70c1ae/RCPlugs/RCComp.jsfx</source>
        <source file="RCDeEss.jsfx">https://github.com/chmaha/ReaClassical/raw/e0b70d2932030a1c046d21efba035ccd9c70c1ae/RCPlugs/RCDeEss.jsfx</source>
        <source file="RCDeEss_Advanced.jsfx">https://github.com/chmaha/ReaClassical/raw/e0b70d2932030a1c046d21efba035ccd9c70c1ae/RCPlugs/RCDeEss_Advanced.jsfx</source>
        <source file="RCDither.jsfx">https://github.com/chmaha/ReaClassical/raw/e0b70d2932030a1c046d21efba035ccd9c70c1ae/RCPlugs/RCDither.jsfx</source>
        <source file="RCChannelEQ.jsfx">https://github.com/chmaha/ReaClassical/raw/e0b70d2932030a1c046d21efba035ccd9c70c1ae/RCPlugs/RCChannelEQ.jsfx</source>
        <source file="RCGain.jsfx">https://github.com/chmaha/ReaClassical/raw/e0b70d2932030a1c046d21efba035ccd9c70c1ae/RCPlugs/RCGain.jsfx</source>
        <source file="RCLimiter.jsfx">https://github.com/chmaha/ReaClassical/raw/e0b70d2932030a1c046d21efba035ccd9c70c1ae/RCPlugs/RCLimiter.jsfx</source>
        <source file="RCParallelK.jsfx">https://github.com/chmaha/ReaClassical/raw/e0b70d2932030a1c046d21efba035ccd9c70c1ae/RCPlugs/RCParallelK.jsfx</source>
        <source file="RCMasteringEQ.jsfx">https://github.com/chmaha/ReaClassical/raw/e0b70d2932030a1c046d21efba035ccd9c70c1ae/RCPlugs/RCMasteringEQ.jsfx</source>
        <source file="RCInflator.jsfx">https://github.com/chmaha/ReaClassical/raw/e0b70d2932030a1c046d21efba035ccd9c70c1ae/RCPlugs/RCInflator.jsfx</source>
        <source file="RCTimePhase.jsfx">https://github.com/chmaha/ReaClassical/raw/e0b70d2932030a1c046d21efba035ccd9c70c1ae/RCPlugs/RCTimePhase.jsfx</source>
        <source file="RCConsoleBus.jsfx">https://github.com/chmaha/ReaClassical/raw/e0b70d2932030a1c046d21efba035ccd9c70c1ae/RCPlugs/RCConsoleBus.jsfx</source>
        <source file="RCConsoleChannel.jsfx">https://github.com/chmaha/ReaClassical/raw/e0b70d2932030a1c046d21efba035ccd9c70c1ae/RCPlugs/RCConsoleChannel.jsfx</source>
        <source file="RCConsoleFinalizer.jsfx">https://github.com/chmaha/ReaClassical/raw/e0b70d2932030a1c046d21efba035ccd9c70c1ae/RCPlugs/RCConsoleFinalizer.jsfx</source>
        <source file="RCMidSide.jsfx">https://github.com/chmaha/ReaClassical/raw/e0b70d2932030a1c046d21efba035ccd9c70c1ae/RCPlugs/RCMidSide.jsfx</source>
      </version>
      <version name="1.13" author="chmaha" time="2024-10-15T18:47:56Z">
        <changelog><![CDATA[RCInflator: Correct typo in name]]></changelog>
        <source file="RCComp.jsfx">https://github.com/chmaha/ReaClassical/raw/05b989ef6678cd758ab8723d30d0efd982c6e22a/RCPlugs/RCComp.jsfx</source>
        <source file="RCDeEss.jsfx">https://github.com/chmaha/ReaClassical/raw/05b989ef6678cd758ab8723d30d0efd982c6e22a/RCPlugs/RCDeEss.jsfx</source>
        <source file="RCDeEss_Advanced.jsfx">https://github.com/chmaha/ReaClassical/raw/05b989ef6678cd758ab8723d30d0efd982c6e22a/RCPlugs/RCDeEss_Advanced.jsfx</source>
        <source file="RCDither.jsfx">https://github.com/chmaha/ReaClassical/raw/05b989ef6678cd758ab8723d30d0efd982c6e22a/RCPlugs/RCDither.jsfx</source>
        <source file="RCChannelEQ.jsfx">https://github.com/chmaha/ReaClassical/raw/05b989ef6678cd758ab8723d30d0efd982c6e22a/RCPlugs/RCChannelEQ.jsfx</source>
        <source file="RCGain.jsfx">https://github.com/chmaha/ReaClassical/raw/05b989ef6678cd758ab8723d30d0efd982c6e22a/RCPlugs/RCGain.jsfx</source>
        <source file="RCLimiter.jsfx">https://github.com/chmaha/ReaClassical/raw/05b989ef6678cd758ab8723d30d0efd982c6e22a/RCPlugs/RCLimiter.jsfx</source>
        <source file="RCParallelK.jsfx">https://github.com/chmaha/ReaClassical/raw/05b989ef6678cd758ab8723d30d0efd982c6e22a/RCPlugs/RCParallelK.jsfx</source>
        <source file="RCMasteringEQ.jsfx">https://github.com/chmaha/ReaClassical/raw/05b989ef6678cd758ab8723d30d0efd982c6e22a/RCPlugs/RCMasteringEQ.jsfx</source>
        <source file="RCInflator.jsfx">https://github.com/chmaha/ReaClassical/raw/05b989ef6678cd758ab8723d30d0efd982c6e22a/RCPlugs/RCInflator.jsfx</source>
        <source file="RCTimePhase.jsfx">https://github.com/chmaha/ReaClassical/raw/05b989ef6678cd758ab8723d30d0efd982c6e22a/RCPlugs/RCTimePhase.jsfx</source>
        <source file="RCConsoleBus.jsfx">https://github.com/chmaha/ReaClassical/raw/05b989ef6678cd758ab8723d30d0efd982c6e22a/RCPlugs/RCConsoleBus.jsfx</source>
        <source file="RCConsoleChannel.jsfx">https://github.com/chmaha/ReaClassical/raw/05b989ef6678cd758ab8723d30d0efd982c6e22a/RCPlugs/RCConsoleChannel.jsfx</source>
        <source file="RCConsoleFinalizer.jsfx">https://github.com/chmaha/ReaClassical/raw/05b989ef6678cd758ab8723d30d0efd982c6e22a/RCPlugs/RCConsoleFinalizer.jsfx</source>
        <source file="RCMidSide.jsfx">https://github.com/chmaha/ReaClassical/raw/05b989ef6678cd758ab8723d30d0efd982c6e22a/RCPlugs/RCMidSide.jsfx</source>
      </version>
    </reapack>
  </category>
  <category name="ReaClassical">
    <reapack name="ReaClassical.lua" type="script" desc="ReaClassical">
      <metadata>
        <description><![CDATA[{\rtf1\ansi\deff0{\fonttbl{\f0 \fswiss Helvetica;}{\f1 \fmodern Courier;}}
{\colortbl;\red255\green0\blue0;\red0\green0\blue255;}
\widowctrl\hyphauto

{\pard \ql \f0 \sa180 \li0 \fi0 These scripts, along with the included custom project template and theme, provide everything you need for professional classical music editing, mixing and mastering in REAPER.\par}
}
]]></description>
      </metadata>
      
      <version name="25.4.1" author="chmaha" time="2025-04-06T13:37:56Z">
        <changelog><![CDATA[Various: Remove unnecessary locking and unlocking of items]]></changelog>
        <source main="main" file="ReaClassical_Add Destination IN marker.lua">https://github.com/chmaha/ReaClassical/raw/1bbd1845fdcf140fe688ed5f5e9acfaed4484ec0/ReaClassical/ReaClassical_Add%20Destination%20IN%20marker.lua</source>
        <source main="main" file="ReaClassical_Add Destination OUT Marker.lua">https://github.com/chmaha/ReaClassical/raw/1bbd1845fdcf140fe688ed5f5e9acfaed4484ec0/ReaClassical/ReaClassical_Add%20Destination%20OUT%20Marker.lua</source>
        <source main="main" file="ReaClassical_Add Source IN marker.lua">https://github.com/chmaha/ReaClassical/raw/1bbd1845fdcf140fe688ed5f5e9acfaed4484ec0/ReaClassical/ReaClassical_Add%20Source%20IN%20marker.lua</source>
        <source main="main" file="ReaClassical_Add Source OUT marker.lua">https://github.com/chmaha/ReaClassical/raw/1bbd1845fdcf140fe688ed5f5e9acfaed4484ec0/ReaClassical/ReaClassical_Add%20Source%20OUT%20marker.lua</source>
        <source main="main" file="ReaClassical_Classical Crossfade Editor.lua">https://github.com/chmaha/ReaClassical/raw/1bbd1845fdcf140fe688ed5f5e9acfaed4484ec0/ReaClassical/ReaClassical_Classical%20Crossfade%20Editor.lua</source>
        <source main="main" file="ReaClassical_Classical Crossfade.lua">https://github.com/chmaha/ReaClassical/raw/1bbd1845fdcf140fe688ed5f5e9acfaed4484ec0/ReaClassical/ReaClassical_Classical%20Crossfade.lua</source>
        <source main="main" file="ReaClassical_Classical Take Record.lua">https://github.com/chmaha/ReaClassical/raw/1bbd1845fdcf140fe688ed5f5e9acfaed4484ec0/ReaClassical/ReaClassical_Classical%20Take%20Record.lua</source>
        <source main="main" file="ReaClassical_Delete All S-D markers.lua">https://github.com/chmaha/ReaClassical/raw/1bbd1845fdcf140fe688ed5f5e9acfaed4484ec0/ReaClassical/ReaClassical_Delete%20All%20S-D%20markers.lua</source>
        <source main="main" file="ReaClassical_Duplicate folder (No items).lua">https://github.com/chmaha/ReaClassical/raw/1bbd1845fdcf140fe688ed5f5e9acfaed4484ec0/ReaClassical/ReaClassical_Duplicate%20folder%20(No%20items).lua</source>
        <source main="main" file="ReaClassical_Edit Classical Crossfade.lua">https://github.com/chmaha/ReaClassical/raw/1bbd1845fdcf140fe688ed5f5e9acfaed4484ec0/ReaClassical/ReaClassical_Edit%20Classical%20Crossfade.lua</source>
        <source main="main" file="ReaClassical_Prepare Takes.lua">https://github.com/chmaha/ReaClassical/raw/1bbd1845fdcf140fe688ed5f5e9acfaed4484ec0/ReaClassical/ReaClassical_Prepare%20Takes.lua</source>
        <source main="main" file="ReaClassical_S-D Edit.lua">https://github.com/chmaha/ReaClassical/raw/1bbd1845fdcf140fe688ed5f5e9acfaed4484ec0/ReaClassical/ReaClassical_S-D%20Edit.lua</source>
        <source main="main" file="ReaClassical_Whole Project View Horizontal.lua">https://github.com/chmaha/ReaClassical/raw/1bbd1845fdcf140fe688ed5f5e9acfaed4484ec0/ReaClassical/ReaClassical_Whole%20Project%20View%20Horizontal.lua</source>
        <source main="main" file="ReaClassical_Whole Project View Vertical.lua">https://github.com/chmaha/ReaClassical/raw/1bbd1845fdcf140fe688ed5f5e9acfaed4484ec0/ReaClassical/ReaClassical_Whole%20Project%20View%20Vertical.lua</source>
        <source main="main" file="ReaClassical_Vertical Workflow.lua">https://github.com/chmaha/ReaClassical/raw/1bbd1845fdcf140fe688ed5f5e9acfaed4484ec0/ReaClassical/ReaClassical_Vertical%20Workflow.lua</source>
        <source main="main" file="ReaClassical_Audition.lua">https://github.com/chmaha/ReaClassical/raw/1bbd1845fdcf140fe688ed5f5e9acfaed4484ec0/ReaClassical/ReaClassical_Audition.lua</source>
        <source main="main" file="ReaClassical_Delete Leaving Silence.lua">https://github.com/chmaha/ReaClassical/raw/1bbd1845fdcf140fe688ed5f5e9acfaed4484ec0/ReaClassical/ReaClassical_Delete%20Leaving%20Silence.lua</source>
        <source main="main" file="ReaClassical_Delete With Ripple.lua">https://github.com/chmaha/ReaClassical/raw/1bbd1845fdcf140fe688ed5f5e9acfaed4484ec0/ReaClassical/ReaClassical_Delete%20With%20Ripple.lua</source>
        <source main="main" file="ReaClassical_Insert with timestretching.lua">https://github.com/chmaha/ReaClassical/raw/1bbd1845fdcf140fe688ed5f5e9acfaed4484ec0/ReaClassical/ReaClassical_Insert%20with%20timestretching.lua</source>
        <source main="main" file="ReaClassical_Horizontal Workflow.lua">https://github.com/chmaha/ReaClassical/raw/1bbd1845fdcf140fe688ed5f5e9acfaed4484ec0/ReaClassical/ReaClassical_Horizontal%20Workflow.lua</source>
        <source main="main" file="ReaClassical_Lock_toggle.lua">https://github.com/chmaha/ReaClassical/raw/1bbd1845fdcf140fe688ed5f5e9acfaed4484ec0/ReaClassical/ReaClassical_Lock_toggle.lua</source>
        <source main="main" file="ReaClassical_Create CD Markers.lua">https://github.com/chmaha/ReaClassical/raw/1bbd1845fdcf140fe688ed5f5e9acfaed4484ec0/ReaClassical/ReaClassical_Create%20CD%20Markers.lua</source>
        <source main="main" file="ReaClassical_Help.lua">https://github.com/chmaha/ReaClassical/raw/1bbd1845fdcf140fe688ed5f5e9acfaed4484ec0/ReaClassical/ReaClassical_Help.lua</source>
        <source main="main" file="ReaClassical_Next Item or Fade.lua">https://github.com/chmaha/ReaClassical/raw/1bbd1845fdcf140fe688ed5f5e9acfaed4484ec0/ReaClassical/ReaClassical_Next%20Item%20or%20Fade.lua</source>
        <source main="main" file="ReaClassical_Previous Item or Fade.lua">https://github.com/chmaha/ReaClassical/raw/1bbd1845fdcf140fe688ed5f5e9acfaed4484ec0/ReaClassical/ReaClassical_Previous%20Item%20or%20Fade.lua</source>
        <source main="main" file="ReaClassical_Add Aux.lua">https://github.com/chmaha/ReaClassical/raw/1bbd1845fdcf140fe688ed5f5e9acfaed4484ec0/ReaClassical/ReaClassical_Add%20Aux.lua</source>
        <source main="main" file="ReaClassical_Add Submix.lua">https://github.com/chmaha/ReaClassical/raw/1bbd1845fdcf140fe688ed5f5e9acfaed4484ec0/ReaClassical/ReaClassical_Add%20Submix.lua</source>
        <source main="main" file="ReaClassical_Reposition_Album_Tracks.lua">https://github.com/chmaha/ReaClassical/raw/1bbd1845fdcf140fe688ed5f5e9acfaed4484ec0/ReaClassical/ReaClassical_Reposition_Album_Tracks.lua</source>
        <source main="main" file="ReaClassical_Preferences.lua">https://github.com/chmaha/ReaClassical/raw/1bbd1845fdcf140fe688ed5f5e9acfaed4484ec0/ReaClassical/ReaClassical_Preferences.lua</source>
        <source main="main" file="ReaClassical_TrackLeft.lua">https://github.com/chmaha/ReaClassical/raw/1bbd1845fdcf140fe688ed5f5e9acfaed4484ec0/ReaClassical/ReaClassical_TrackLeft.lua</source>
        <source main="main" file="ReaClassical_TrackRight.lua">https://github.com/chmaha/ReaClassical/raw/1bbd1845fdcf140fe688ed5f5e9acfaed4484ec0/ReaClassical/ReaClassical_TrackRight.lua</source>
        <source main="main" file="ReaClassical_ExplodeMultiChannel.lua">https://github.com/chmaha/ReaClassical/raw/1bbd1845fdcf140fe688ed5f5e9acfaed4484ec0/ReaClassical/ReaClassical_ExplodeMultiChannel.lua</source>
        <source main="main" file="ReaClassical_Colorize.lua">https://github.com/chmaha/ReaClassical/raw/1bbd1845fdcf140fe688ed5f5e9acfaed4484ec0/ReaClassical/ReaClassical_Colorize.lua</source>
        <source main="main" file="ReaClassical_Add RoomTone Track.lua">https://github.com/chmaha/ReaClassical/raw/1bbd1845fdcf140fe688ed5f5e9acfaed4484ec0/ReaClassical/ReaClassical_Add%20RoomTone%20Track.lua</source>
        <source main="main" file="ReaClassical_Move to Destination IN marker.lua">https://github.com/chmaha/ReaClassical/raw/1bbd1845fdcf140fe688ed5f5e9acfaed4484ec0/ReaClassical/ReaClassical_Move%20to%20Destination%20IN%20marker.lua</source>
        <source main="main" file="ReaClassical_Move to Destination OUT marker.lua">https://github.com/chmaha/ReaClassical/raw/1bbd1845fdcf140fe688ed5f5e9acfaed4484ec0/ReaClassical/ReaClassical_Move%20to%20Destination%20OUT%20marker.lua</source>
        <source main="main" file="ReaClassical_Move to Source IN marker.lua">https://github.com/chmaha/ReaClassical/raw/1bbd1845fdcf140fe688ed5f5e9acfaed4484ec0/ReaClassical/ReaClassical_Move%20to%20Source%20IN%20marker.lua</source>
        <source main="main" file="ReaClassical_Move to Source OUT marker.lua">https://github.com/chmaha/ReaClassical/raw/1bbd1845fdcf140fe688ed5f5e9acfaed4484ec0/ReaClassical/ReaClassical_Move%20to%20Source%20OUT%20marker.lua</source>
        <source main="main" file="ReaClassical_Zoom to Destination IN marker.lua">https://github.com/chmaha/ReaClassical/raw/1bbd1845fdcf140fe688ed5f5e9acfaed4484ec0/ReaClassical/ReaClassical_Zoom%20to%20Destination%20IN%20marker.lua</source>
        <source main="main" file="ReaClassical_Zoom to Destination OUT marker.lua">https://github.com/chmaha/ReaClassical/raw/1bbd1845fdcf140fe688ed5f5e9acfaed4484ec0/ReaClassical/ReaClassical_Zoom%20to%20Destination%20OUT%20marker.lua</source>
        <source main="main" file="ReaClassical_Zoom to Source IN marker.lua">https://github.com/chmaha/ReaClassical/raw/1bbd1845fdcf140fe688ed5f5e9acfaed4484ec0/ReaClassical/ReaClassical_Zoom%20to%20Source%20IN%20marker.lua</source>
        <source main="main" file="ReaClassical_Zoom to Source OUT marker.lua">https://github.com/chmaha/ReaClassical/raw/1bbd1845fdcf140fe688ed5f5e9acfaed4484ec0/ReaClassical/ReaClassical_Zoom%20to%20Source%20OUT%20marker.lua</source>
        <source main="main" file="ReaClassical_3-point Insert Edit.lua">https://github.com/chmaha/ReaClassical/raw/1bbd1845fdcf140fe688ed5f5e9acfaed4484ec0/ReaClassical/ReaClassical_3-point%20Insert%20Edit.lua</source>
        <source main="main" file="ReaClassical_Updater.lua">https://github.com/chmaha/ReaClassical/raw/1bbd1845fdcf140fe688ed5f5e9acfaed4484ec0/ReaClassical/ReaClassical_Updater.lua</source>
        <source main="main" file="ReaClassical_Find Take.lua">https://github.com/chmaha/ReaClassical/raw/1bbd1845fdcf140fe688ed5f5e9acfaed4484ec0/ReaClassical/ReaClassical_Find%20Take.lua</source>
        <source main="main" file="ReaClassical_Take Counter.lua">https://github.com/chmaha/ReaClassical/raw/1bbd1845fdcf140fe688ed5f5e9acfaed4484ec0/ReaClassical/ReaClassical_Take%20Counter.lua</source>
        <source main="main" file="ReaClassical_Add Track To All Groups.lua">https://github.com/chmaha/ReaClassical/raw/1bbd1845fdcf140fe688ed5f5e9acfaed4484ec0/ReaClassical/ReaClassical_Add%20Track%20To%20All%20Groups.lua</source>
        <source main="main" file="ReaClassical_Hide Children.lua">https://github.com/chmaha/ReaClassical/raw/1bbd1845fdcf140fe688ed5f5e9acfaed4484ec0/ReaClassical/ReaClassical_Hide%20Children.lua</source>
        <source main="main" file="ReaClassical_Show Children.lua">https://github.com/chmaha/ReaClassical/raw/1bbd1845fdcf140fe688ed5f5e9acfaed4484ec0/ReaClassical/ReaClassical_Show%20Children.lua</source>
        <source main="main" file="ReaClassical_Automation Mode.lua">https://github.com/chmaha/ReaClassical/raw/1bbd1845fdcf140fe688ed5f5e9acfaed4484ec0/ReaClassical/ReaClassical_Automation%20Mode.lua</source>
        <source main="main" file="ReaClassical_Insert Automation.lua">https://github.com/chmaha/ReaClassical/raw/1bbd1845fdcf140fe688ed5f5e9acfaed4484ec0/ReaClassical/ReaClassical_Insert%20Automation.lua</source>
        <source main="main" file="ReaClassical_Set Dest Project Marker.lua">https://github.com/chmaha/ReaClassical/raw/1bbd1845fdcf140fe688ed5f5e9acfaed4484ec0/ReaClassical/ReaClassical_Set%20Dest%20Project%20Marker.lua</source>
        <source main="main" file="ReaClassical_Set Source Project Marker.lua">https://github.com/chmaha/ReaClassical/raw/1bbd1845fdcf140fe688ed5f5e9acfaed4484ec0/ReaClassical/ReaClassical_Set%20Source%20Project%20Marker.lua</source>
        <source main="main" file="ReaClassical_Delete Track From All Groups.lua">https://github.com/chmaha/ReaClassical/raw/1bbd1845fdcf140fe688ed5f5e9acfaed4484ec0/ReaClassical/ReaClassical_Delete%20Track%20From%20All%20Groups.lua</source>
        <source main="main" file="ReaClassical_Add Ref Track.lua">https://github.com/chmaha/ReaClassical/raw/1bbd1845fdcf140fe688ed5f5e9acfaed4484ec0/ReaClassical/ReaClassical_Add%20Ref%20Track.lua</source>
        <source main="main" file="ReaClassical_Source Markers to Item Edge.lua">https://github.com/chmaha/ReaClassical/raw/1bbd1845fdcf140fe688ed5f5e9acfaed4484ec0/ReaClassical/ReaClassical_Source%20Markers%20to%20Item%20Edge.lua</source>
        <source main="main" file="ReaClassical_Destination Markers to Item Edge.lua">https://github.com/chmaha/ReaClassical/raw/1bbd1845fdcf140fe688ed5f5e9acfaed4484ec0/ReaClassical/ReaClassical_Destination%20Markers%20to%20Item%20Edge.lua</source>
        <source main="main" file="ReaClassical_Remove Take Names.lua">https://github.com/chmaha/ReaClassical/raw/1bbd1845fdcf140fe688ed5f5e9acfaed4484ec0/ReaClassical/ReaClassical_Remove%20Take%20Names.lua</source>
        <source main="main" file="ReaClassical_Jump To Time.lua">https://github.com/chmaha/ReaClassical/raw/1bbd1845fdcf140fe688ed5f5e9acfaed4484ec0/ReaClassical/ReaClassical_Jump%20To%20Time.lua</source>
        <source main="main" file="ReaClassical_Audio Calculator.lua">https://github.com/chmaha/ReaClassical/raw/1bbd1845fdcf140fe688ed5f5e9acfaed4484ec0/ReaClassical/ReaClassical_Audio%20Calculator.lua</source>
        <source main="main" file="ReaClassical_Auto Set Recording Inputs.lua">https://github.com/chmaha/ReaClassical/raw/1bbd1845fdcf140fe688ed5f5e9acfaed4484ec0/ReaClassical/ReaClassical_Auto%20Set%20Recording%20Inputs.lua</source>
        <source main="main" file="ReaClassical_Mastering Mode.lua">https://github.com/chmaha/ReaClassical/raw/1bbd1845fdcf140fe688ed5f5e9acfaed4484ec0/ReaClassical/ReaClassical_Mastering%20Mode.lua</source>
        <source main="main" file="ReaClassical_Audition_with_playrate.lua">https://github.com/chmaha/ReaClassical/raw/1bbd1845fdcf140fe688ed5f5e9acfaed4484ec0/ReaClassical/ReaClassical_Audition_with_playrate.lua</source>
        <source main="main" file="ReaClassical_Increment Take Number While Recording.lua">https://github.com/chmaha/ReaClassical/raw/1bbd1845fdcf140fe688ed5f5e9acfaed4484ec0/ReaClassical/ReaClassical_Increment%20Take%20Number%20While%20Recording.lua</source>
        <source main="main" file="ReaClassical_Rank Higher.lua">https://github.com/chmaha/ReaClassical/raw/1bbd1845fdcf140fe688ed5f5e9acfaed4484ec0/ReaClassical/ReaClassical_Rank%20Higher.lua</source>
        <source main="main" file="ReaClassical_Rank Lower.lua">https://github.com/chmaha/ReaClassical/raw/1bbd1845fdcf140fe688ed5f5e9acfaed4484ec0/ReaClassical/ReaClassical_Rank%20Lower.lua</source>
        <source main="main" file="ReaClassical_Remove Ranking.lua">https://github.com/chmaha/ReaClassical/raw/1bbd1845fdcf140fe688ed5f5e9acfaed4484ec0/ReaClassical/ReaClassical_Remove%20Ranking.lua</source>
        <source main="main" file="ReaClassical_Add Special Tracks.lua">https://github.com/chmaha/ReaClassical/raw/1bbd1845fdcf140fe688ed5f5e9acfaed4484ec0/ReaClassical/ReaClassical_Add%20Special%20Tracks.lua</source>
        <source main="main" file="ReaClassical_Delete S-D Project Markers.lua">https://github.com/chmaha/ReaClassical/raw/1bbd1845fdcf140fe688ed5f5e9acfaed4484ec0/ReaClassical/ReaClassical_Delete%20S-D%20Project%20Markers.lua</source>
        <source main="main" file="ReaClassical_Copy Destination Material to Source.lua">https://github.com/chmaha/ReaClassical/raw/1bbd1845fdcf140fe688ed5f5e9acfaed4484ec0/ReaClassical/ReaClassical_Copy%20Destination%20Material%20to%20Source.lua</source>
        <source main="main" file="ReaClassical_Move Destination Material to Source.lua">https://github.com/chmaha/ReaClassical/raw/1bbd1845fdcf140fe688ed5f5e9acfaed4484ec0/ReaClassical/ReaClassical_Move%20Destination%20Material%20to%20Source.lua</source>
        <source main="main" file="ReaClassical_Show Statistics.lua">https://github.com/chmaha/ReaClassical/raw/1bbd1845fdcf140fe688ed5f5e9acfaed4484ec0/ReaClassical/ReaClassical_Show%20Statistics.lua</source>
        <source main="main" file="ReaClassical_Reverse S-D Edit.lua">https://github.com/chmaha/ReaClassical/raw/1bbd1845fdcf140fe688ed5f5e9acfaed4484ec0/ReaClassical/ReaClassical_Reverse%20S-D%20Edit.lua</source>
        <source main="main" file="ReaClassical_Build Edit List.lua">https://github.com/chmaha/ReaClassical/raw/1bbd1845fdcf140fe688ed5f5e9acfaed4484ec0/ReaClassical/ReaClassical_Build%20Edit%20List.lua</source>
        <source main="main" file="ReaClassical_Build Edit List using BWF offset.lua">https://github.com/chmaha/ReaClassical/raw/1bbd1845fdcf140fe688ed5f5e9acfaed4484ec0/ReaClassical/ReaClassical_Build%20Edit%20List%20using%20BWF%20offset.lua</source>
        <source main="main" file="ReaClassical_Metadata Report.lua">https://github.com/chmaha/ReaClassical/raw/1bbd1845fdcf140fe688ed5f5e9acfaed4484ec0/ReaClassical/ReaClassical_Metadata%20Report.lua</source>
        <source type="projecttpl" file="ReaClassical.RPP">https://github.com/chmaha/ReaClassical/raw/1bbd1845fdcf140fe688ed5f5e9acfaed4484ec0/ReaClassical/ReaClassical.RPP</source>
        <source type="projecttpl" file="Room_Tone_Generation.RPP">https://github.com/chmaha/ReaClassical/raw/1bbd1845fdcf140fe688ed5f5e9acfaed4484ec0/ReaClassical/Room_Tone_Generation.RPP</source>
        <source type="theme" file="ReaClassical.ReaperThemeZip">https://github.com/chmaha/ReaClassical/raw/1bbd1845fdcf140fe688ed5f5e9acfaed4484ec0/ReaClassical/ReaClassical.ReaperThemeZip</source>
        <source type="theme" file="ReaClassical Light.ReaperThemeZip">https://github.com/chmaha/ReaClassical/raw/1bbd1845fdcf140fe688ed5f5e9acfaed4484ec0/ReaClassical/ReaClassical%20Light.ReaperThemeZip</source>
        <source type="theme" file="ReaClassical WaveColors Dark.ReaperThemeZip">https://github.com/chmaha/ReaClassical/raw/1bbd1845fdcf140fe688ed5f5e9acfaed4484ec0/ReaClassical/ReaClassical%20WaveColors%20Dark.ReaperThemeZip</source>
        <source type="theme" file="ReaClassical WaveColors Light.ReaperThemeZip">https://github.com/chmaha/ReaClassical/raw/1bbd1845fdcf140fe688ed5f5e9acfaed4484ec0/ReaClassical/ReaClassical%20WaveColors%20Light.ReaperThemeZip</source>
        <source type="data" file="toolbar_icons/copy_dest_material.png">https://github.com/chmaha/ReaClassical/raw/1bbd1845fdcf140fe688ed5f5e9acfaed4484ec0/ReaClassical/copy_dest_material.png</source>
        <source type="data" file="toolbar_icons/move_dest_material.png">https://github.com/chmaha/ReaClassical/raw/1bbd1845fdcf140fe688ed5f5e9acfaed4484ec0/ReaClassical/move_dest_material.png</source>
        <source type="data" file="toolbar_icons/delete leaving silence.png">https://github.com/chmaha/ReaClassical/raw/1bbd1845fdcf140fe688ed5f5e9acfaed4484ec0/ReaClassical/delete%20leaving%20silence.png</source>
        <source type="data" file="toolbar_icons/Delete SD Markers.png">https://github.com/chmaha/ReaClassical/raw/1bbd1845fdcf140fe688ed5f5e9acfaed4484ec0/ReaClassical/Delete%20SD%20Markers.png</source>
        <source type="data" file="toolbar_icons/Delete SD Project Markers.png">https://github.com/chmaha/ReaClassical/raw/1bbd1845fdcf140fe688ed5f5e9acfaed4484ec0/ReaClassical/Delete%20SD%20Project%20Markers.png</source>
        <source type="data" file="toolbar_icons/delete with ripple.png">https://github.com/chmaha/ReaClassical/raw/1bbd1845fdcf140fe688ed5f5e9acfaed4484ec0/ReaClassical/delete%20with%20ripple.png</source>
        <source type="data" file="toolbar_icons/Dest IN.png">https://github.com/chmaha/ReaClassical/raw/1bbd1845fdcf140fe688ed5f5e9acfaed4484ec0/ReaClassical/Dest%20IN.png</source>
        <source type="data" file="toolbar_icons/Dest OUT.png">https://github.com/chmaha/ReaClassical/raw/1bbd1845fdcf140fe688ed5f5e9acfaed4484ec0/ReaClassical/Dest%20OUT.png</source>
        <source type="data" file="toolbar_icons/Insert with timestretching.png">https://github.com/chmaha/ReaClassical/raw/1bbd1845fdcf140fe688ed5f5e9acfaed4484ec0/ReaClassical/Insert%20with%20timestretching.png</source>
        <source type="data" file="toolbar_icons/SD Edit.png">https://github.com/chmaha/ReaClassical/raw/1bbd1845fdcf140fe688ed5f5e9acfaed4484ec0/ReaClassical/SD%20Edit.png</source>
        <source type="data" file="toolbar_icons/Set_Dest_Proj.png">https://github.com/chmaha/ReaClassical/raw/1bbd1845fdcf140fe688ed5f5e9acfaed4484ec0/ReaClassical/Set_Dest_Proj.png</source>
        <source type="data" file="toolbar_icons/Set_Source_Proj.png">https://github.com/chmaha/ReaClassical/raw/1bbd1845fdcf140fe688ed5f5e9acfaed4484ec0/ReaClassical/Set_Source_Proj.png</source>
        <source type="data" file="toolbar_icons/source IN.png">https://github.com/chmaha/ReaClassical/raw/1bbd1845fdcf140fe688ed5f5e9acfaed4484ec0/ReaClassical/source%20IN.png</source>
        <source type="data" file="toolbar_icons/source OUT.png">https://github.com/chmaha/ReaClassical/raw/1bbd1845fdcf140fe688ed5f5e9acfaed4484ec0/ReaClassical/source%20OUT.png</source>
        <source type="data" file="toolbar_icons/Reverse SD Edit.png">https://github.com/chmaha/ReaClassical/raw/1bbd1845fdcf140fe688ed5f5e9acfaed4484ec0/ReaClassical/Reverse%20SD%20Edit.png</source>
        <source type="data" file="toolbar_icons/assembly.png">https://github.com/chmaha/ReaClassical/raw/1bbd1845fdcf140fe688ed5f5e9acfaed4484ec0/ReaClassical/assembly.png</source>
        <source file="ReaClassical_Colors_Table.lua">https://github.com/chmaha/ReaClassical/raw/1bbd1845fdcf140fe688ed5f5e9acfaed4484ec0/ReaClassical/ReaClassical_Colors_Table.lua</source>
        <source file="ReaClassical-Manual.pdf">https://github.com/chmaha/ReaClassical/raw/1bbd1845fdcf140fe688ed5f5e9acfaed4484ec0/PDF-Manual/ReaClassical-Manual.pdf</source>
        <source file="reaclassical-splash.png">https://github.com/chmaha/ReaClassical/raw/1bbd1845fdcf140fe688ed5f5e9acfaed4484ec0/ReaClassical/reaclassical-splash.png</source>
        <source file="ReaClassical-menu.ini">https://github.com/chmaha/ReaClassical/raw/1bbd1845fdcf140fe688ed5f5e9acfaed4484ec0/ReaClassical/ReaClassical-menu.ini</source>
        <source file="ReaClassical-kb.ini">https://github.com/chmaha/ReaClassical/raw/1bbd1845fdcf140fe688ed5f5e9acfaed4484ec0/ReaClassical/ReaClassical-kb.ini</source>
        <source file="audio_calculator.html">https://github.com/chmaha/ReaClassical/raw/1bbd1845fdcf140fe688ed5f5e9acfaed4484ec0/audio_calculator.html</source>
        <source file="reaclassical_logo.png">https://github.com/chmaha/ReaClassical/raw/1bbd1845fdcf140fe688ed5f5e9acfaed4484ec0/docs/images/reaclassical_os.png</source>
      </version>
      <version name="25.4.2" author="chmaha" time="2025-04-07T14:54:26Z">
        <changelog><![CDATA[Edit Crossfade: Don't mess with ripple when extending xfade items]]></changelog>
        <source main="main" file="ReaClassical_Add Destination IN marker.lua">https://github.com/chmaha/ReaClassical/raw/6665c05bdda32f4b984d080c8ca900e44a6aff4c/ReaClassical/ReaClassical_Add%20Destination%20IN%20marker.lua</source>
        <source main="main" file="ReaClassical_Add Destination OUT Marker.lua">https://github.com/chmaha/ReaClassical/raw/6665c05bdda32f4b984d080c8ca900e44a6aff4c/ReaClassical/ReaClassical_Add%20Destination%20OUT%20Marker.lua</source>
        <source main="main" file="ReaClassical_Add Source IN marker.lua">https://github.com/chmaha/ReaClassical/raw/6665c05bdda32f4b984d080c8ca900e44a6aff4c/ReaClassical/ReaClassical_Add%20Source%20IN%20marker.lua</source>
        <source main="main" file="ReaClassical_Add Source OUT marker.lua">https://github.com/chmaha/ReaClassical/raw/6665c05bdda32f4b984d080c8ca900e44a6aff4c/ReaClassical/ReaClassical_Add%20Source%20OUT%20marker.lua</source>
        <source main="main" file="ReaClassical_Classical Crossfade Editor.lua">https://github.com/chmaha/ReaClassical/raw/6665c05bdda32f4b984d080c8ca900e44a6aff4c/ReaClassical/ReaClassical_Classical%20Crossfade%20Editor.lua</source>
        <source main="main" file="ReaClassical_Classical Crossfade.lua">https://github.com/chmaha/ReaClassical/raw/6665c05bdda32f4b984d080c8ca900e44a6aff4c/ReaClassical/ReaClassical_Classical%20Crossfade.lua</source>
        <source main="main" file="ReaClassical_Classical Take Record.lua">https://github.com/chmaha/ReaClassical/raw/6665c05bdda32f4b984d080c8ca900e44a6aff4c/ReaClassical/ReaClassical_Classical%20Take%20Record.lua</source>
        <source main="main" file="ReaClassical_Delete All S-D markers.lua">https://github.com/chmaha/ReaClassical/raw/6665c05bdda32f4b984d080c8ca900e44a6aff4c/ReaClassical/ReaClassical_Delete%20All%20S-D%20markers.lua</source>
        <source main="main" file="ReaClassical_Duplicate folder (No items).lua">https://github.com/chmaha/ReaClassical/raw/6665c05bdda32f4b984d080c8ca900e44a6aff4c/ReaClassical/ReaClassical_Duplicate%20folder%20(No%20items).lua</source>
        <source main="main" file="ReaClassical_Edit Classical Crossfade.lua">https://github.com/chmaha/ReaClassical/raw/6665c05bdda32f4b984d080c8ca900e44a6aff4c/ReaClassical/ReaClassical_Edit%20Classical%20Crossfade.lua</source>
        <source main="main" file="ReaClassical_Prepare Takes.lua">https://github.com/chmaha/ReaClassical/raw/6665c05bdda32f4b984d080c8ca900e44a6aff4c/ReaClassical/ReaClassical_Prepare%20Takes.lua</source>
        <source main="main" file="ReaClassical_S-D Edit.lua">https://github.com/chmaha/ReaClassical/raw/6665c05bdda32f4b984d080c8ca900e44a6aff4c/ReaClassical/ReaClassical_S-D%20Edit.lua</source>
        <source main="main" file="ReaClassical_Whole Project View Horizontal.lua">https://github.com/chmaha/ReaClassical/raw/6665c05bdda32f4b984d080c8ca900e44a6aff4c/ReaClassical/ReaClassical_Whole%20Project%20View%20Horizontal.lua</source>
        <source main="main" file="ReaClassical_Whole Project View Vertical.lua">https://github.com/chmaha/ReaClassical/raw/6665c05bdda32f4b984d080c8ca900e44a6aff4c/ReaClassical/ReaClassical_Whole%20Project%20View%20Vertical.lua</source>
        <source main="main" file="ReaClassical_Vertical Workflow.lua">https://github.com/chmaha/ReaClassical/raw/6665c05bdda32f4b984d080c8ca900e44a6aff4c/ReaClassical/ReaClassical_Vertical%20Workflow.lua</source>
        <source main="main" file="ReaClassical_Audition.lua">https://github.com/chmaha/ReaClassical/raw/6665c05bdda32f4b984d080c8ca900e44a6aff4c/ReaClassical/ReaClassical_Audition.lua</source>
        <source main="main" file="ReaClassical_Delete Leaving Silence.lua">https://github.com/chmaha/ReaClassical/raw/6665c05bdda32f4b984d080c8ca900e44a6aff4c/ReaClassical/ReaClassical_Delete%20Leaving%20Silence.lua</source>
        <source main="main" file="ReaClassical_Delete With Ripple.lua">https://github.com/chmaha/ReaClassical/raw/6665c05bdda32f4b984d080c8ca900e44a6aff4c/ReaClassical/ReaClassical_Delete%20With%20Ripple.lua</source>
        <source main="main" file="ReaClassical_Insert with timestretching.lua">https://github.com/chmaha/ReaClassical/raw/6665c05bdda32f4b984d080c8ca900e44a6aff4c/ReaClassical/ReaClassical_Insert%20with%20timestretching.lua</source>
        <source main="main" file="ReaClassical_Horizontal Workflow.lua">https://github.com/chmaha/ReaClassical/raw/6665c05bdda32f4b984d080c8ca900e44a6aff4c/ReaClassical/ReaClassical_Horizontal%20Workflow.lua</source>
        <source main="main" file="ReaClassical_Lock_toggle.lua">https://github.com/chmaha/ReaClassical/raw/6665c05bdda32f4b984d080c8ca900e44a6aff4c/ReaClassical/ReaClassical_Lock_toggle.lua</source>
        <source main="main" file="ReaClassical_Create CD Markers.lua">https://github.com/chmaha/ReaClassical/raw/6665c05bdda32f4b984d080c8ca900e44a6aff4c/ReaClassical/ReaClassical_Create%20CD%20Markers.lua</source>
        <source main="main" file="ReaClassical_Help.lua">https://github.com/chmaha/ReaClassical/raw/6665c05bdda32f4b984d080c8ca900e44a6aff4c/ReaClassical/ReaClassical_Help.lua</source>
        <source main="main" file="ReaClassical_Next Item or Fade.lua">https://github.com/chmaha/ReaClassical/raw/6665c05bdda32f4b984d080c8ca900e44a6aff4c/ReaClassical/ReaClassical_Next%20Item%20or%20Fade.lua</source>
        <source main="main" file="ReaClassical_Previous Item or Fade.lua">https://github.com/chmaha/ReaClassical/raw/6665c05bdda32f4b984d080c8ca900e44a6aff4c/ReaClassical/ReaClassical_Previous%20Item%20or%20Fade.lua</source>
        <source main="main" file="ReaClassical_Add Aux.lua">https://github.com/chmaha/ReaClassical/raw/6665c05bdda32f4b984d080c8ca900e44a6aff4c/ReaClassical/ReaClassical_Add%20Aux.lua</source>
        <source main="main" file="ReaClassical_Add Submix.lua">https://github.com/chmaha/ReaClassical/raw/6665c05bdda32f4b984d080c8ca900e44a6aff4c/ReaClassical/ReaClassical_Add%20Submix.lua</source>
        <source main="main" file="ReaClassical_Reposition_Album_Tracks.lua">https://github.com/chmaha/ReaClassical/raw/6665c05bdda32f4b984d080c8ca900e44a6aff4c/ReaClassical/ReaClassical_Reposition_Album_Tracks.lua</source>
        <source main="main" file="ReaClassical_Preferences.lua">https://github.com/chmaha/ReaClassical/raw/6665c05bdda32f4b984d080c8ca900e44a6aff4c/ReaClassical/ReaClassical_Preferences.lua</source>
        <source main="main" file="ReaClassical_TrackLeft.lua">https://github.com/chmaha/ReaClassical/raw/6665c05bdda32f4b984d080c8ca900e44a6aff4c/ReaClassical/ReaClassical_TrackLeft.lua</source>
        <source main="main" file="ReaClassical_TrackRight.lua">https://github.com/chmaha/ReaClassical/raw/6665c05bdda32f4b984d080c8ca900e44a6aff4c/ReaClassical/ReaClassical_TrackRight.lua</source>
        <source main="main" file="ReaClassical_ExplodeMultiChannel.lua">https://github.com/chmaha/ReaClassical/raw/6665c05bdda32f4b984d080c8ca900e44a6aff4c/ReaClassical/ReaClassical_ExplodeMultiChannel.lua</source>
        <source main="main" file="ReaClassical_Colorize.lua">https://github.com/chmaha/ReaClassical/raw/6665c05bdda32f4b984d080c8ca900e44a6aff4c/ReaClassical/ReaClassical_Colorize.lua</source>
        <source main="main" file="ReaClassical_Add RoomTone Track.lua">https://github.com/chmaha/ReaClassical/raw/6665c05bdda32f4b984d080c8ca900e44a6aff4c/ReaClassical/ReaClassical_Add%20RoomTone%20Track.lua</source>
        <source main="main" file="ReaClassical_Move to Destination IN marker.lua">https://github.com/chmaha/ReaClassical/raw/6665c05bdda32f4b984d080c8ca900e44a6aff4c/ReaClassical/ReaClassical_Move%20to%20Destination%20IN%20marker.lua</source>
        <source main="main" file="ReaClassical_Move to Destination OUT marker.lua">https://github.com/chmaha/ReaClassical/raw/6665c05bdda32f4b984d080c8ca900e44a6aff4c/ReaClassical/ReaClassical_Move%20to%20Destination%20OUT%20marker.lua</source>
        <source main="main" file="ReaClassical_Move to Source IN marker.lua">https://github.com/chmaha/ReaClassical/raw/6665c05bdda32f4b984d080c8ca900e44a6aff4c/ReaClassical/ReaClassical_Move%20to%20Source%20IN%20marker.lua</source>
        <source main="main" file="ReaClassical_Move to Source OUT marker.lua">https://github.com/chmaha/ReaClassical/raw/6665c05bdda32f4b984d080c8ca900e44a6aff4c/ReaClassical/ReaClassical_Move%20to%20Source%20OUT%20marker.lua</source>
        <source main="main" file="ReaClassical_Zoom to Destination IN marker.lua">https://github.com/chmaha/ReaClassical/raw/6665c05bdda32f4b984d080c8ca900e44a6aff4c/ReaClassical/ReaClassical_Zoom%20to%20Destination%20IN%20marker.lua</source>
        <source main="main" file="ReaClassical_Zoom to Destination OUT marker.lua">https://github.com/chmaha/ReaClassical/raw/6665c05bdda32f4b984d080c8ca900e44a6aff4c/ReaClassical/ReaClassical_Zoom%20to%20Destination%20OUT%20marker.lua</source>
        <source main="main" file="ReaClassical_Zoom to Source IN marker.lua">https://github.com/chmaha/ReaClassical/raw/6665c05bdda32f4b984d080c8ca900e44a6aff4c/ReaClassical/ReaClassical_Zoom%20to%20Source%20IN%20marker.lua</source>
        <source main="main" file="ReaClassical_Zoom to Source OUT marker.lua">https://github.com/chmaha/ReaClassical/raw/6665c05bdda32f4b984d080c8ca900e44a6aff4c/ReaClassical/ReaClassical_Zoom%20to%20Source%20OUT%20marker.lua</source>
        <source main="main" file="ReaClassical_3-point Insert Edit.lua">https://github.com/chmaha/ReaClassical/raw/6665c05bdda32f4b984d080c8ca900e44a6aff4c/ReaClassical/ReaClassical_3-point%20Insert%20Edit.lua</source>
        <source main="main" file="ReaClassical_Updater.lua">https://github.com/chmaha/ReaClassical/raw/6665c05bdda32f4b984d080c8ca900e44a6aff4c/ReaClassical/ReaClassical_Updater.lua</source>
        <source main="main" file="ReaClassical_Find Take.lua">https://github.com/chmaha/ReaClassical/raw/6665c05bdda32f4b984d080c8ca900e44a6aff4c/ReaClassical/ReaClassical_Find%20Take.lua</source>
        <source main="main" file="ReaClassical_Take Counter.lua">https://github.com/chmaha/ReaClassical/raw/6665c05bdda32f4b984d080c8ca900e44a6aff4c/ReaClassical/ReaClassical_Take%20Counter.lua</source>
        <source main="main" file="ReaClassical_Add Track To All Groups.lua">https://github.com/chmaha/ReaClassical/raw/6665c05bdda32f4b984d080c8ca900e44a6aff4c/ReaClassical/ReaClassical_Add%20Track%20To%20All%20Groups.lua</source>
        <source main="main" file="ReaClassical_Hide Children.lua">https://github.com/chmaha/ReaClassical/raw/6665c05bdda32f4b984d080c8ca900e44a6aff4c/ReaClassical/ReaClassical_Hide%20Children.lua</source>
        <source main="main" file="ReaClassical_Show Children.lua">https://github.com/chmaha/ReaClassical/raw/6665c05bdda32f4b984d080c8ca900e44a6aff4c/ReaClassical/ReaClassical_Show%20Children.lua</source>
        <source main="main" file="ReaClassical_Automation Mode.lua">https://github.com/chmaha/ReaClassical/raw/6665c05bdda32f4b984d080c8ca900e44a6aff4c/ReaClassical/ReaClassical_Automation%20Mode.lua</source>
        <source main="main" file="ReaClassical_Insert Automation.lua">https://github.com/chmaha/ReaClassical/raw/6665c05bdda32f4b984d080c8ca900e44a6aff4c/ReaClassical/ReaClassical_Insert%20Automation.lua</source>
        <source main="main" file="ReaClassical_Set Dest Project Marker.lua">https://github.com/chmaha/ReaClassical/raw/6665c05bdda32f4b984d080c8ca900e44a6aff4c/ReaClassical/ReaClassical_Set%20Dest%20Project%20Marker.lua</source>
        <source main="main" file="ReaClassical_Set Source Project Marker.lua">https://github.com/chmaha/ReaClassical/raw/6665c05bdda32f4b984d080c8ca900e44a6aff4c/ReaClassical/ReaClassical_Set%20Source%20Project%20Marker.lua</source>
        <source main="main" file="ReaClassical_Delete Track From All Groups.lua">https://github.com/chmaha/ReaClassical/raw/6665c05bdda32f4b984d080c8ca900e44a6aff4c/ReaClassical/ReaClassical_Delete%20Track%20From%20All%20Groups.lua</source>
        <source main="main" file="ReaClassical_Add Ref Track.lua">https://github.com/chmaha/ReaClassical/raw/6665c05bdda32f4b984d080c8ca900e44a6aff4c/ReaClassical/ReaClassical_Add%20Ref%20Track.lua</source>
        <source main="main" file="ReaClassical_Source Markers to Item Edge.lua">https://github.com/chmaha/ReaClassical/raw/6665c05bdda32f4b984d080c8ca900e44a6aff4c/ReaClassical/ReaClassical_Source%20Markers%20to%20Item%20Edge.lua</source>
        <source main="main" file="ReaClassical_Destination Markers to Item Edge.lua">https://github.com/chmaha/ReaClassical/raw/6665c05bdda32f4b984d080c8ca900e44a6aff4c/ReaClassical/ReaClassical_Destination%20Markers%20to%20Item%20Edge.lua</source>
        <source main="main" file="ReaClassical_Remove Take Names.lua">https://github.com/chmaha/ReaClassical/raw/6665c05bdda32f4b984d080c8ca900e44a6aff4c/ReaClassical/ReaClassical_Remove%20Take%20Names.lua</source>
        <source main="main" file="ReaClassical_Jump To Time.lua">https://github.com/chmaha/ReaClassical/raw/6665c05bdda32f4b984d080c8ca900e44a6aff4c/ReaClassical/ReaClassical_Jump%20To%20Time.lua</source>
        <source main="main" file="ReaClassical_Audio Calculator.lua">https://github.com/chmaha/ReaClassical/raw/6665c05bdda32f4b984d080c8ca900e44a6aff4c/ReaClassical/ReaClassical_Audio%20Calculator.lua</source>
        <source main="main" file="ReaClassical_Auto Set Recording Inputs.lua">https://github.com/chmaha/ReaClassical/raw/6665c05bdda32f4b984d080c8ca900e44a6aff4c/ReaClassical/ReaClassical_Auto%20Set%20Recording%20Inputs.lua</source>
        <source main="main" file="ReaClassical_Mastering Mode.lua">https://github.com/chmaha/ReaClassical/raw/6665c05bdda32f4b984d080c8ca900e44a6aff4c/ReaClassical/ReaClassical_Mastering%20Mode.lua</source>
        <source main="main" file="ReaClassical_Audition_with_playrate.lua">https://github.com/chmaha/ReaClassical/raw/6665c05bdda32f4b984d080c8ca900e44a6aff4c/ReaClassical/ReaClassical_Audition_with_playrate.lua</source>
        <source main="main" file="ReaClassical_Increment Take Number While Recording.lua">https://github.com/chmaha/ReaClassical/raw/6665c05bdda32f4b984d080c8ca900e44a6aff4c/ReaClassical/ReaClassical_Increment%20Take%20Number%20While%20Recording.lua</source>
        <source main="main" file="ReaClassical_Rank Higher.lua">https://github.com/chmaha/ReaClassical/raw/6665c05bdda32f4b984d080c8ca900e44a6aff4c/ReaClassical/ReaClassical_Rank%20Higher.lua</source>
        <source main="main" file="ReaClassical_Rank Lower.lua">https://github.com/chmaha/ReaClassical/raw/6665c05bdda32f4b984d080c8ca900e44a6aff4c/ReaClassical/ReaClassical_Rank%20Lower.lua</source>
        <source main="main" file="ReaClassical_Remove Ranking.lua">https://github.com/chmaha/ReaClassical/raw/6665c05bdda32f4b984d080c8ca900e44a6aff4c/ReaClassical/ReaClassical_Remove%20Ranking.lua</source>
        <source main="main" file="ReaClassical_Add Special Tracks.lua">https://github.com/chmaha/ReaClassical/raw/6665c05bdda32f4b984d080c8ca900e44a6aff4c/ReaClassical/ReaClassical_Add%20Special%20Tracks.lua</source>
        <source main="main" file="ReaClassical_Delete S-D Project Markers.lua">https://github.com/chmaha/ReaClassical/raw/6665c05bdda32f4b984d080c8ca900e44a6aff4c/ReaClassical/ReaClassical_Delete%20S-D%20Project%20Markers.lua</source>
        <source main="main" file="ReaClassical_Copy Destination Material to Source.lua">https://github.com/chmaha/ReaClassical/raw/6665c05bdda32f4b984d080c8ca900e44a6aff4c/ReaClassical/ReaClassical_Copy%20Destination%20Material%20to%20Source.lua</source>
        <source main="main" file="ReaClassical_Move Destination Material to Source.lua">https://github.com/chmaha/ReaClassical/raw/6665c05bdda32f4b984d080c8ca900e44a6aff4c/ReaClassical/ReaClassical_Move%20Destination%20Material%20to%20Source.lua</source>
        <source main="main" file="ReaClassical_Show Statistics.lua">https://github.com/chmaha/ReaClassical/raw/6665c05bdda32f4b984d080c8ca900e44a6aff4c/ReaClassical/ReaClassical_Show%20Statistics.lua</source>
        <source main="main" file="ReaClassical_Reverse S-D Edit.lua">https://github.com/chmaha/ReaClassical/raw/6665c05bdda32f4b984d080c8ca900e44a6aff4c/ReaClassical/ReaClassical_Reverse%20S-D%20Edit.lua</source>
        <source main="main" file="ReaClassical_Build Edit List.lua">https://github.com/chmaha/ReaClassical/raw/6665c05bdda32f4b984d080c8ca900e44a6aff4c/ReaClassical/ReaClassical_Build%20Edit%20List.lua</source>
        <source main="main" file="ReaClassical_Build Edit List using BWF offset.lua">https://github.com/chmaha/ReaClassical/raw/6665c05bdda32f4b984d080c8ca900e44a6aff4c/ReaClassical/ReaClassical_Build%20Edit%20List%20using%20BWF%20offset.lua</source>
        <source main="main" file="ReaClassical_Metadata Report.lua">https://github.com/chmaha/ReaClassical/raw/6665c05bdda32f4b984d080c8ca900e44a6aff4c/ReaClassical/ReaClassical_Metadata%20Report.lua</source>
        <source type="projecttpl" file="ReaClassical.RPP">https://github.com/chmaha/ReaClassical/raw/6665c05bdda32f4b984d080c8ca900e44a6aff4c/ReaClassical/ReaClassical.RPP</source>
        <source type="projecttpl" file="Room_Tone_Generation.RPP">https://github.com/chmaha/ReaClassical/raw/6665c05bdda32f4b984d080c8ca900e44a6aff4c/ReaClassical/Room_Tone_Generation.RPP</source>
        <source type="theme" file="ReaClassical.ReaperThemeZip">https://github.com/chmaha/ReaClassical/raw/6665c05bdda32f4b984d080c8ca900e44a6aff4c/ReaClassical/ReaClassical.ReaperThemeZip</source>
        <source type="theme" file="ReaClassical Light.ReaperThemeZip">https://github.com/chmaha/ReaClassical/raw/6665c05bdda32f4b984d080c8ca900e44a6aff4c/ReaClassical/ReaClassical%20Light.ReaperThemeZip</source>
        <source type="theme" file="ReaClassical WaveColors Dark.ReaperThemeZip">https://github.com/chmaha/ReaClassical/raw/6665c05bdda32f4b984d080c8ca900e44a6aff4c/ReaClassical/ReaClassical%20WaveColors%20Dark.ReaperThemeZip</source>
        <source type="theme" file="ReaClassical WaveColors Light.ReaperThemeZip">https://github.com/chmaha/ReaClassical/raw/6665c05bdda32f4b984d080c8ca900e44a6aff4c/ReaClassical/ReaClassical%20WaveColors%20Light.ReaperThemeZip</source>
        <source type="data" file="toolbar_icons/copy_dest_material.png">https://github.com/chmaha/ReaClassical/raw/6665c05bdda32f4b984d080c8ca900e44a6aff4c/ReaClassical/copy_dest_material.png</source>
        <source type="data" file="toolbar_icons/move_dest_material.png">https://github.com/chmaha/ReaClassical/raw/6665c05bdda32f4b984d080c8ca900e44a6aff4c/ReaClassical/move_dest_material.png</source>
        <source type="data" file="toolbar_icons/delete leaving silence.png">https://github.com/chmaha/ReaClassical/raw/6665c05bdda32f4b984d080c8ca900e44a6aff4c/ReaClassical/delete%20leaving%20silence.png</source>
        <source type="data" file="toolbar_icons/Delete SD Markers.png">https://github.com/chmaha/ReaClassical/raw/6665c05bdda32f4b984d080c8ca900e44a6aff4c/ReaClassical/Delete%20SD%20Markers.png</source>
        <source type="data" file="toolbar_icons/Delete SD Project Markers.png">https://github.com/chmaha/ReaClassical/raw/6665c05bdda32f4b984d080c8ca900e44a6aff4c/ReaClassical/Delete%20SD%20Project%20Markers.png</source>
        <source type="data" file="toolbar_icons/delete with ripple.png">https://github.com/chmaha/ReaClassical/raw/6665c05bdda32f4b984d080c8ca900e44a6aff4c/ReaClassical/delete%20with%20ripple.png</source>
        <source type="data" file="toolbar_icons/Dest IN.png">https://github.com/chmaha/ReaClassical/raw/6665c05bdda32f4b984d080c8ca900e44a6aff4c/ReaClassical/Dest%20IN.png</source>
        <source type="data" file="toolbar_icons/Dest OUT.png">https://github.com/chmaha/ReaClassical/raw/6665c05bdda32f4b984d080c8ca900e44a6aff4c/ReaClassical/Dest%20OUT.png</source>
        <source type="data" file="toolbar_icons/Insert with timestretching.png">https://github.com/chmaha/ReaClassical/raw/6665c05bdda32f4b984d080c8ca900e44a6aff4c/ReaClassical/Insert%20with%20timestretching.png</source>
        <source type="data" file="toolbar_icons/SD Edit.png">https://github.com/chmaha/ReaClassical/raw/6665c05bdda32f4b984d080c8ca900e44a6aff4c/ReaClassical/SD%20Edit.png</source>
        <source type="data" file="toolbar_icons/Set_Dest_Proj.png">https://github.com/chmaha/ReaClassical/raw/6665c05bdda32f4b984d080c8ca900e44a6aff4c/ReaClassical/Set_Dest_Proj.png</source>
        <source type="data" file="toolbar_icons/Set_Source_Proj.png">https://github.com/chmaha/ReaClassical/raw/6665c05bdda32f4b984d080c8ca900e44a6aff4c/ReaClassical/Set_Source_Proj.png</source>
        <source type="data" file="toolbar_icons/source IN.png">https://github.com/chmaha/ReaClassical/raw/6665c05bdda32f4b984d080c8ca900e44a6aff4c/ReaClassical/source%20IN.png</source>
        <source type="data" file="toolbar_icons/source OUT.png">https://github.com/chmaha/ReaClassical/raw/6665c05bdda32f4b984d080c8ca900e44a6aff4c/ReaClassical/source%20OUT.png</source>
        <source type="data" file="toolbar_icons/Reverse SD Edit.png">https://github.com/chmaha/ReaClassical/raw/6665c05bdda32f4b984d080c8ca900e44a6aff4c/ReaClassical/Reverse%20SD%20Edit.png</source>
        <source type="data" file="toolbar_icons/assembly.png">https://github.com/chmaha/ReaClassical/raw/6665c05bdda32f4b984d080c8ca900e44a6aff4c/ReaClassical/assembly.png</source>
        <source file="ReaClassical_Colors_Table.lua">https://github.com/chmaha/ReaClassical/raw/6665c05bdda32f4b984d080c8ca900e44a6aff4c/ReaClassical/ReaClassical_Colors_Table.lua</source>
        <source file="ReaClassical-Manual.pdf">https://github.com/chmaha/ReaClassical/raw/6665c05bdda32f4b984d080c8ca900e44a6aff4c/PDF-Manual/ReaClassical-Manual.pdf</source>
        <source file="reaclassical-splash.png">https://github.com/chmaha/ReaClassical/raw/6665c05bdda32f4b984d080c8ca900e44a6aff4c/ReaClassical/reaclassical-splash.png</source>
        <source file="ReaClassical-menu.ini">https://github.com/chmaha/ReaClassical/raw/6665c05bdda32f4b984d080c8ca900e44a6aff4c/ReaClassical/ReaClassical-menu.ini</source>
        <source file="ReaClassical-kb.ini">https://github.com/chmaha/ReaClassical/raw/6665c05bdda32f4b984d080c8ca900e44a6aff4c/ReaClassical/ReaClassical-kb.ini</source>
        <source file="audio_calculator.html">https://github.com/chmaha/ReaClassical/raw/6665c05bdda32f4b984d080c8ca900e44a6aff4c/audio_calculator.html</source>
        <source file="reaclassical_logo.png">https://github.com/chmaha/ReaClassical/raw/6665c05bdda32f4b984d080c8ca900e44a6aff4c/docs/images/reaclassical_os.png</source>
      </version>
    </reapack>
  </category>
  <category name="ReaSplice">
    <reapack name="ReaSplice.lua" type="script" desc="ReaSplice S-D Editing Tools">
      <metadata>
        <description><![CDATA[{\rtf1\ansi\deff0{\fonttbl{\f0 \fswiss Helvetica;}{\f1 \fmodern Courier;}}
{\colortbl;\red255\green0\blue0;\red0\green0\blue255;}
\widowctrl\hyphauto

{\pard \ql \f0 \sa180 \li0 \fi0 These functions provide everything you need for professional source-destination editing in REAPER. For a more complete editing, mixing and mastering solution for classical and other acoustic music, please see https://reaclassical.org\par}
}
]]></description>
      </metadata>
      <version name="1.0pre1002" author="chmaha" time="2025-02-10T15:40:56Z">
        <changelog><![CDATA[Initial release of just the S-D editing functions from ReaClassical]]></changelog>
        <source main="main" file="ReaSplice_Add Destination IN marker.lua">https://github.com/chmaha/ReaClassical/raw/0a7e19cf728550c6a444481c9a76e8c2faf5a9ee/ReaSplice/ReaSplice_Add%20Destination%20IN%20marker.lua</source>
        <source main="main" file="ReaSplice_Add Destination OUT Marker.lua">https://github.com/chmaha/ReaClassical/raw/0a7e19cf728550c6a444481c9a76e8c2faf5a9ee/ReaSplice/ReaSplice_Add%20Destination%20OUT%20Marker.lua</source>
        <source main="main" file="ReaSplice_Add Source IN marker.lua">https://github.com/chmaha/ReaClassical/raw/0a7e19cf728550c6a444481c9a76e8c2faf5a9ee/ReaSplice/ReaSplice_Add%20Source%20IN%20marker.lua</source>
        <source main="main" file="ReaSplice_Add Source OUT marker.lua">https://github.com/chmaha/ReaClassical/raw/0a7e19cf728550c6a444481c9a76e8c2faf5a9ee/ReaSplice/ReaSplice_Add%20Source%20OUT%20marker.lua</source>
        <source main="main" file="ReaSplice_Delete All S-D markers.lua">https://github.com/chmaha/ReaClassical/raw/0a7e19cf728550c6a444481c9a76e8c2faf5a9ee/ReaSplice/ReaSplice_Delete%20All%20S-D%20markers.lua</source>
        <source main="main" file="ReaSplice_Prepare Takes.lua">https://github.com/chmaha/ReaClassical/raw/0a7e19cf728550c6a444481c9a76e8c2faf5a9ee/ReaSplice/ReaSplice_Prepare%20Takes.lua</source>
        <source main="main" file="ReaSplice_S-D Edit.lua">https://github.com/chmaha/ReaClassical/raw/0a7e19cf728550c6a444481c9a76e8c2faf5a9ee/ReaSplice/ReaSplice_S-D%20Edit.lua</source>
        <source main="main" file="ReaSplice_Delete Leaving Silence.lua">https://github.com/chmaha/ReaClassical/raw/0a7e19cf728550c6a444481c9a76e8c2faf5a9ee/ReaSplice/ReaSplice_Delete%20Leaving%20Silence.lua</source>
        <source main="main" file="ReaSplice_Delete With Ripple.lua">https://github.com/chmaha/ReaClassical/raw/0a7e19cf728550c6a444481c9a76e8c2faf5a9ee/ReaSplice/ReaSplice_Delete%20With%20Ripple.lua</source>
        <source main="main" file="ReaSplice_Insert with timestretching.lua">https://github.com/chmaha/ReaClassical/raw/0a7e19cf728550c6a444481c9a76e8c2faf5a9ee/ReaSplice/ReaSplice_Insert%20with%20timestretching.lua</source>
        <source main="main" file="ReaSplice_Preferences.lua">https://github.com/chmaha/ReaClassical/raw/0a7e19cf728550c6a444481c9a76e8c2faf5a9ee/ReaSplice/ReaSplice_Preferences.lua</source>
        <source main="main" file="ReaSplice_Move to Destination IN marker.lua">https://github.com/chmaha/ReaClassical/raw/0a7e19cf728550c6a444481c9a76e8c2faf5a9ee/ReaSplice/ReaSplice_Move%20to%20Destination%20IN%20marker.lua</source>
        <source main="main" file="ReaSplice_Move to Destination OUT marker.lua">https://github.com/chmaha/ReaClassical/raw/0a7e19cf728550c6a444481c9a76e8c2faf5a9ee/ReaSplice/ReaSplice_Move%20to%20Destination%20OUT%20marker.lua</source>
        <source main="main" file="ReaSplice_Move to Source IN marker.lua">https://github.com/chmaha/ReaClassical/raw/0a7e19cf728550c6a444481c9a76e8c2faf5a9ee/ReaSplice/ReaSplice_Move%20to%20Source%20IN%20marker.lua</source>
        <source main="main" file="ReaSplice_Move to Source OUT marker.lua">https://github.com/chmaha/ReaClassical/raw/0a7e19cf728550c6a444481c9a76e8c2faf5a9ee/ReaSplice/ReaSplice_Move%20to%20Source%20OUT%20marker.lua</source>
        <source main="main" file="ReaSplice_Zoom to Destination IN marker.lua">https://github.com/chmaha/ReaClassical/raw/0a7e19cf728550c6a444481c9a76e8c2faf5a9ee/ReaSplice/ReaSplice_Zoom%20to%20Destination%20IN%20marker.lua</source>
        <source main="main" file="ReaSplice_Zoom to Destination OUT marker.lua">https://github.com/chmaha/ReaClassical/raw/0a7e19cf728550c6a444481c9a76e8c2faf5a9ee/ReaSplice/ReaSplice_Zoom%20to%20Destination%20OUT%20marker.lua</source>
        <source main="main" file="ReaSplice_Zoom to Source IN marker.lua">https://github.com/chmaha/ReaClassical/raw/0a7e19cf728550c6a444481c9a76e8c2faf5a9ee/ReaSplice/ReaSplice_Zoom%20to%20Source%20IN%20marker.lua</source>
        <source main="main" file="ReaSplice_Zoom to Source OUT marker.lua">https://github.com/chmaha/ReaClassical/raw/0a7e19cf728550c6a444481c9a76e8c2faf5a9ee/ReaSplice/ReaSplice_Zoom%20to%20Source%20OUT%20marker.lua</source>
        <source main="main" file="ReaSplice_3-point Insert Edit.lua">https://github.com/chmaha/ReaClassical/raw/0a7e19cf728550c6a444481c9a76e8c2faf5a9ee/ReaSplice/ReaSplice_3-point%20Insert%20Edit.lua</source>
        <source main="main" file="ReaSplice_Set Dest Project Marker.lua">https://github.com/chmaha/ReaClassical/raw/0a7e19cf728550c6a444481c9a76e8c2faf5a9ee/ReaSplice/ReaSplice_Set%20Dest%20Project%20Marker.lua</source>
        <source main="main" file="ReaSplice_Set Source Project Marker.lua">https://github.com/chmaha/ReaClassical/raw/0a7e19cf728550c6a444481c9a76e8c2faf5a9ee/ReaSplice/ReaSplice_Set%20Source%20Project%20Marker.lua</source>
        <source main="main" file="ReaSplice_Source Markers to Item Edge.lua">https://github.com/chmaha/ReaClassical/raw/0a7e19cf728550c6a444481c9a76e8c2faf5a9ee/ReaSplice/ReaSplice_Source%20Markers%20to%20Item%20Edge.lua</source>
        <source main="main" file="ReaSplice_Destination Markers to Item Edge.lua">https://github.com/chmaha/ReaClassical/raw/0a7e19cf728550c6a444481c9a76e8c2faf5a9ee/ReaSplice/ReaSplice_Destination%20Markers%20to%20Item%20Edge.lua</source>
        <source main="main" file="ReaSplice_Delete S-D Project Markers.lua">https://github.com/chmaha/ReaClassical/raw/0a7e19cf728550c6a444481c9a76e8c2faf5a9ee/ReaSplice/ReaSplice_Delete%20S-D%20Project%20Markers.lua</source>
      </version>
      <version name="1.0pre1502" author="chmaha" time="2025-02-15T17:12:22Z">
        <changelog><![CDATA[Initial release of just the S-D editing functions from ReaClassical]]></changelog>
        <source main="main" file="ReaSplice_Add Destination IN marker.lua">https://github.com/chmaha/ReaClassical/raw/949884ae375454418e870f02e44da208c245ce4d/ReaSplice/ReaSplice_Add%20Destination%20IN%20marker.lua</source>
        <source main="main" file="ReaSplice_Add Destination OUT Marker.lua">https://github.com/chmaha/ReaClassical/raw/949884ae375454418e870f02e44da208c245ce4d/ReaSplice/ReaSplice_Add%20Destination%20OUT%20Marker.lua</source>
        <source main="main" file="ReaSplice_Add Source IN marker.lua">https://github.com/chmaha/ReaClassical/raw/949884ae375454418e870f02e44da208c245ce4d/ReaSplice/ReaSplice_Add%20Source%20IN%20marker.lua</source>
        <source main="main" file="ReaSplice_Add Source OUT marker.lua">https://github.com/chmaha/ReaClassical/raw/949884ae375454418e870f02e44da208c245ce4d/ReaSplice/ReaSplice_Add%20Source%20OUT%20marker.lua</source>
        <source main="main" file="ReaSplice_Delete All S-D markers.lua">https://github.com/chmaha/ReaClassical/raw/949884ae375454418e870f02e44da208c245ce4d/ReaSplice/ReaSplice_Delete%20All%20S-D%20markers.lua</source>
        <source main="main" file="ReaSplice_Prepare Takes.lua">https://github.com/chmaha/ReaClassical/raw/949884ae375454418e870f02e44da208c245ce4d/ReaSplice/ReaSplice_Prepare%20Takes.lua</source>
        <source main="main" file="ReaSplice_S-D Edit.lua">https://github.com/chmaha/ReaClassical/raw/949884ae375454418e870f02e44da208c245ce4d/ReaSplice/ReaSplice_S-D%20Edit.lua</source>
        <source main="main" file="ReaSplice_Delete Leaving Silence.lua">https://github.com/chmaha/ReaClassical/raw/949884ae375454418e870f02e44da208c245ce4d/ReaSplice/ReaSplice_Delete%20Leaving%20Silence.lua</source>
        <source main="main" file="ReaSplice_Delete With Ripple.lua">https://github.com/chmaha/ReaClassical/raw/949884ae375454418e870f02e44da208c245ce4d/ReaSplice/ReaSplice_Delete%20With%20Ripple.lua</source>
        <source main="main" file="ReaSplice_Insert with timestretching.lua">https://github.com/chmaha/ReaClassical/raw/949884ae375454418e870f02e44da208c245ce4d/ReaSplice/ReaSplice_Insert%20with%20timestretching.lua</source>
        <source main="main" file="ReaSplice_Preferences.lua">https://github.com/chmaha/ReaClassical/raw/949884ae375454418e870f02e44da208c245ce4d/ReaSplice/ReaSplice_Preferences.lua</source>
        <source main="main" file="ReaSplice_Move to Destination IN marker.lua">https://github.com/chmaha/ReaClassical/raw/949884ae375454418e870f02e44da208c245ce4d/ReaSplice/ReaSplice_Move%20to%20Destination%20IN%20marker.lua</source>
        <source main="main" file="ReaSplice_Move to Destination OUT marker.lua">https://github.com/chmaha/ReaClassical/raw/949884ae375454418e870f02e44da208c245ce4d/ReaSplice/ReaSplice_Move%20to%20Destination%20OUT%20marker.lua</source>
        <source main="main" file="ReaSplice_Move to Source IN marker.lua">https://github.com/chmaha/ReaClassical/raw/949884ae375454418e870f02e44da208c245ce4d/ReaSplice/ReaSplice_Move%20to%20Source%20IN%20marker.lua</source>
        <source main="main" file="ReaSplice_Move to Source OUT marker.lua">https://github.com/chmaha/ReaClassical/raw/949884ae375454418e870f02e44da208c245ce4d/ReaSplice/ReaSplice_Move%20to%20Source%20OUT%20marker.lua</source>
        <source main="main" file="ReaSplice_Zoom to Destination IN marker.lua">https://github.com/chmaha/ReaClassical/raw/949884ae375454418e870f02e44da208c245ce4d/ReaSplice/ReaSplice_Zoom%20to%20Destination%20IN%20marker.lua</source>
        <source main="main" file="ReaSplice_Zoom to Destination OUT marker.lua">https://github.com/chmaha/ReaClassical/raw/949884ae375454418e870f02e44da208c245ce4d/ReaSplice/ReaSplice_Zoom%20to%20Destination%20OUT%20marker.lua</source>
        <source main="main" file="ReaSplice_Zoom to Source IN marker.lua">https://github.com/chmaha/ReaClassical/raw/949884ae375454418e870f02e44da208c245ce4d/ReaSplice/ReaSplice_Zoom%20to%20Source%20IN%20marker.lua</source>
        <source main="main" file="ReaSplice_Zoom to Source OUT marker.lua">https://github.com/chmaha/ReaClassical/raw/949884ae375454418e870f02e44da208c245ce4d/ReaSplice/ReaSplice_Zoom%20to%20Source%20OUT%20marker.lua</source>
        <source main="main" file="ReaSplice_3-point Insert Edit.lua">https://github.com/chmaha/ReaClassical/raw/949884ae375454418e870f02e44da208c245ce4d/ReaSplice/ReaSplice_3-point%20Insert%20Edit.lua</source>
        <source main="main" file="ReaSplice_Set Dest Project Marker.lua">https://github.com/chmaha/ReaClassical/raw/949884ae375454418e870f02e44da208c245ce4d/ReaSplice/ReaSplice_Set%20Dest%20Project%20Marker.lua</source>
        <source main="main" file="ReaSplice_Set Source Project Marker.lua">https://github.com/chmaha/ReaClassical/raw/949884ae375454418e870f02e44da208c245ce4d/ReaSplice/ReaSplice_Set%20Source%20Project%20Marker.lua</source>
        <source main="main" file="ReaSplice_Source Markers to Item Edge.lua">https://github.com/chmaha/ReaClassical/raw/949884ae375454418e870f02e44da208c245ce4d/ReaSplice/ReaSplice_Source%20Markers%20to%20Item%20Edge.lua</source>
        <source main="main" file="ReaSplice_Destination Markers to Item Edge.lua">https://github.com/chmaha/ReaClassical/raw/949884ae375454418e870f02e44da208c245ce4d/ReaSplice/ReaSplice_Destination%20Markers%20to%20Item%20Edge.lua</source>
        <source main="main" file="ReaSplice_Delete S-D Project Markers.lua">https://github.com/chmaha/ReaClassical/raw/949884ae375454418e870f02e44da208c245ce4d/ReaSplice/ReaSplice_Delete%20S-D%20Project%20Markers.lua</source>
      </version>
    </reapack>
  </category>
</index>
