<?xml version="1.0" encoding="utf-8"?>
<index version="1" name="chmaha Scripts" commit="5f6536907cb57cbace3197f0bc369d9218bc348e">
  <category name="RCPlugs">
    <reapack name="rcplugs.jsfx" type="effect" desc="RCPlugs">
      <version name="1.16" author="chmaha" time="2025-08-24T16:35:28Z">
        <changelog><![CDATA[Reverb: Various NO-OP adjustments to files]]></changelog>
        <source file="RCComp.jsfx">https://github.com/chmaha/ReaClassical/raw/1b55053e762255bbd7abdbc9569088dff3e75f65/RCPlugs/RCComp.jsfx</source>
        <source file="RCDeEss.jsfx">https://github.com/chmaha/ReaClassical/raw/1b55053e762255bbd7abdbc9569088dff3e75f65/RCPlugs/RCDeEss.jsfx</source>
        <source file="RCDeEss_Advanced.jsfx">https://github.com/chmaha/ReaClassical/raw/1b55053e762255bbd7abdbc9569088dff3e75f65/RCPlugs/RCDeEss_Advanced.jsfx</source>
        <source file="RCDither.jsfx">https://github.com/chmaha/ReaClassical/raw/1b55053e762255bbd7abdbc9569088dff3e75f65/RCPlugs/RCDither.jsfx</source>
        <source file="RCChannelEQ.jsfx">https://github.com/chmaha/ReaClassical/raw/1b55053e762255bbd7abdbc9569088dff3e75f65/RCPlugs/RCChannelEQ.jsfx</source>
        <source file="RCGain.jsfx">https://github.com/chmaha/ReaClassical/raw/1b55053e762255bbd7abdbc9569088dff3e75f65/RCPlugs/RCGain.jsfx</source>
        <source file="RCLimiter.jsfx">https://github.com/chmaha/ReaClassical/raw/1b55053e762255bbd7abdbc9569088dff3e75f65/RCPlugs/RCLimiter.jsfx</source>
        <source file="RCParallelK.jsfx">https://github.com/chmaha/ReaClassical/raw/1b55053e762255bbd7abdbc9569088dff3e75f65/RCPlugs/RCParallelK.jsfx</source>
        <source file="RCMasteringEQ.jsfx">https://github.com/chmaha/ReaClassical/raw/1b55053e762255bbd7abdbc9569088dff3e75f65/RCPlugs/RCMasteringEQ.jsfx</source>
        <source file="RCInflator.jsfx">https://github.com/chmaha/ReaClassical/raw/1b55053e762255bbd7abdbc9569088dff3e75f65/RCPlugs/RCInflator.jsfx</source>
        <source file="RCTimePhase.jsfx">https://github.com/chmaha/ReaClassical/raw/1b55053e762255bbd7abdbc9569088dff3e75f65/RCPlugs/RCTimePhase.jsfx</source>
        <source file="RCConsoleBus.jsfx">https://github.com/chmaha/ReaClassical/raw/1b55053e762255bbd7abdbc9569088dff3e75f65/RCPlugs/RCConsoleBus.jsfx</source>
        <source file="RCConsoleChannel.jsfx">https://github.com/chmaha/ReaClassical/raw/1b55053e762255bbd7abdbc9569088dff3e75f65/RCPlugs/RCConsoleChannel.jsfx</source>
        <source file="RCConsoleFinalizer.jsfx">https://github.com/chmaha/ReaClassical/raw/1b55053e762255bbd7abdbc9569088dff3e75f65/RCPlugs/RCConsoleFinalizer.jsfx</source>
        <source file="RCMidSide.jsfx">https://github.com/chmaha/ReaClassical/raw/1b55053e762255bbd7abdbc9569088dff3e75f65/RCPlugs/RCMidSide.jsfx</source>
        <source file="RCReverb_Insert.jsfx">https://github.com/chmaha/ReaClassical/raw/1b55053e762255bbd7abdbc9569088dff3e75f65/RCPlugs/RCReverb_Insert.jsfx</source>
        <source file="RCReverb_Send.jsfx">https://github.com/chmaha/ReaClassical/raw/1b55053e762255bbd7abdbc9569088dff3e75f65/RCPlugs/RCReverb_Send.jsfx</source>
      </version>
      <version name="1.17" author="chmaha" time="2025-08-26T18:55:28Z">
        <changelog><![CDATA[Add RCModulator plugin]]></changelog>
        <source file="RCComp.jsfx">https://github.com/chmaha/ReaClassical/raw/7cc4a4291a63efae431967987b156494fcefd2e3/RCPlugs/RCComp.jsfx</source>
        <source file="RCDeEss.jsfx">https://github.com/chmaha/ReaClassical/raw/7cc4a4291a63efae431967987b156494fcefd2e3/RCPlugs/RCDeEss.jsfx</source>
        <source file="RCDeEss_Advanced.jsfx">https://github.com/chmaha/ReaClassical/raw/7cc4a4291a63efae431967987b156494fcefd2e3/RCPlugs/RCDeEss_Advanced.jsfx</source>
        <source file="RCDither.jsfx">https://github.com/chmaha/ReaClassical/raw/7cc4a4291a63efae431967987b156494fcefd2e3/RCPlugs/RCDither.jsfx</source>
        <source file="RCChannelEQ.jsfx">https://github.com/chmaha/ReaClassical/raw/7cc4a4291a63efae431967987b156494fcefd2e3/RCPlugs/RCChannelEQ.jsfx</source>
        <source file="RCGain.jsfx">https://github.com/chmaha/ReaClassical/raw/7cc4a4291a63efae431967987b156494fcefd2e3/RCPlugs/RCGain.jsfx</source>
        <source file="RCLimiter.jsfx">https://github.com/chmaha/ReaClassical/raw/7cc4a4291a63efae431967987b156494fcefd2e3/RCPlugs/RCLimiter.jsfx</source>
        <source file="RCParallelK.jsfx">https://github.com/chmaha/ReaClassical/raw/7cc4a4291a63efae431967987b156494fcefd2e3/RCPlugs/RCParallelK.jsfx</source>
        <source file="RCMasteringEQ.jsfx">https://github.com/chmaha/ReaClassical/raw/7cc4a4291a63efae431967987b156494fcefd2e3/RCPlugs/RCMasteringEQ.jsfx</source>
        <source file="RCInflator.jsfx">https://github.com/chmaha/ReaClassical/raw/7cc4a4291a63efae431967987b156494fcefd2e3/RCPlugs/RCInflator.jsfx</source>
        <source file="RCTimePhase.jsfx">https://github.com/chmaha/ReaClassical/raw/7cc4a4291a63efae431967987b156494fcefd2e3/RCPlugs/RCTimePhase.jsfx</source>
        <source file="RCConsoleBus.jsfx">https://github.com/chmaha/ReaClassical/raw/7cc4a4291a63efae431967987b156494fcefd2e3/RCPlugs/RCConsoleBus.jsfx</source>
        <source file="RCConsoleChannel.jsfx">https://github.com/chmaha/ReaClassical/raw/7cc4a4291a63efae431967987b156494fcefd2e3/RCPlugs/RCConsoleChannel.jsfx</source>
        <source file="RCConsoleFinalizer.jsfx">https://github.com/chmaha/ReaClassical/raw/7cc4a4291a63efae431967987b156494fcefd2e3/RCPlugs/RCConsoleFinalizer.jsfx</source>
        <source file="RCMidSide.jsfx">https://github.com/chmaha/ReaClassical/raw/7cc4a4291a63efae431967987b156494fcefd2e3/RCPlugs/RCMidSide.jsfx</source>
        <source file="RCReverb_Insert.jsfx">https://github.com/chmaha/ReaClassical/raw/7cc4a4291a63efae431967987b156494fcefd2e3/RCPlugs/RCReverb_Insert.jsfx</source>
        <source file="RCReverb_Send.jsfx">https://github.com/chmaha/ReaClassical/raw/7cc4a4291a63efae431967987b156494fcefd2e3/RCPlugs/RCReverb_Send.jsfx</source>
        <source file="RCModulator.jsfx">https://github.com/chmaha/ReaClassical/raw/7cc4a4291a63efae431967987b156494fcefd2e3/RCPlugs/RCModulator.jsfx</source>
      </version>
    </reapack>
  </category>
  <category name="ReaClassical">
    <reapack name="ReaClassical.lua" type="script" desc="ReaClassical">
      <metadata>
        <description><![CDATA[{\rtf1\ansi\deff0{\fonttbl{\f0 \fswiss Helvetica;}{\f1 \fmodern Courier;}}
{\colortbl;\red255\green0\blue0;\red0\green0\blue255;}
\widowctrl\hyphauto
{\pard \ql \f0 \sa180 \li0 \fi0 These scripts, along with the included custom project template and theme, provide everything you need for professional classical music editing, mixing and mastering in REAPER.\par}
}
]]></description>
      </metadata>
      <version name="25.9.9" author="chmaha" time="2025-09-26T16:22:59Z">
        <changelog><![CDATA[Set new recording section: move to first source group instead of destination
Update tested REAPER version to 7.46
Add check for tested REAPER version
Fix various luacheck errors
NOTES: Update keymap and menu when asked]]></changelog>
        <source main="main" file="ReaClassical_Add Destination IN marker.lua">https://github.com/chmaha/ReaClassical/raw/226a46815c300b1e273364118c0c66c1ddf0a3c7/ReaClassical/ReaClassical_Add%20Destination%20IN%20marker.lua</source>
        <source main="main" file="ReaClassical_Add Destination OUT Marker.lua">https://github.com/chmaha/ReaClassical/raw/226a46815c300b1e273364118c0c66c1ddf0a3c7/ReaClassical/ReaClassical_Add%20Destination%20OUT%20Marker.lua</source>
        <source main="main" file="ReaClassical_Add Source IN marker.lua">https://github.com/chmaha/ReaClassical/raw/226a46815c300b1e273364118c0c66c1ddf0a3c7/ReaClassical/ReaClassical_Add%20Source%20IN%20marker.lua</source>
        <source main="main" file="ReaClassical_Add Source OUT marker.lua">https://github.com/chmaha/ReaClassical/raw/226a46815c300b1e273364118c0c66c1ddf0a3c7/ReaClassical/ReaClassical_Add%20Source%20OUT%20marker.lua</source>
        <source main="main" file="ReaClassical_Classical Crossfade Editor.lua">https://github.com/chmaha/ReaClassical/raw/226a46815c300b1e273364118c0c66c1ddf0a3c7/ReaClassical/ReaClassical_Classical%20Crossfade%20Editor.lua</source>
        <source main="main" file="ReaClassical_Classical Crossfade.lua">https://github.com/chmaha/ReaClassical/raw/226a46815c300b1e273364118c0c66c1ddf0a3c7/ReaClassical/ReaClassical_Classical%20Crossfade.lua</source>
        <source main="main" file="ReaClassical_Classical Take Record.lua">https://github.com/chmaha/ReaClassical/raw/226a46815c300b1e273364118c0c66c1ddf0a3c7/ReaClassical/ReaClassical_Classical%20Take%20Record.lua</source>
        <source main="main" file="ReaClassical_Delete All S-D markers.lua">https://github.com/chmaha/ReaClassical/raw/226a46815c300b1e273364118c0c66c1ddf0a3c7/ReaClassical/ReaClassical_Delete%20All%20S-D%20markers.lua</source>
        <source main="main" file="ReaClassical_Duplicate folder (No items).lua">https://github.com/chmaha/ReaClassical/raw/226a46815c300b1e273364118c0c66c1ddf0a3c7/ReaClassical/ReaClassical_Duplicate%20folder%20(No%20items).lua</source>
        <source main="main" file="ReaClassical_Prepare Takes.lua">https://github.com/chmaha/ReaClassical/raw/226a46815c300b1e273364118c0c66c1ddf0a3c7/ReaClassical/ReaClassical_Prepare%20Takes.lua</source>
        <source main="main" file="ReaClassical_S-D Edit.lua">https://github.com/chmaha/ReaClassical/raw/226a46815c300b1e273364118c0c66c1ddf0a3c7/ReaClassical/ReaClassical_S-D%20Edit.lua</source>
        <source main="main" file="ReaClassical_Whole Project View Horizontal.lua">https://github.com/chmaha/ReaClassical/raw/226a46815c300b1e273364118c0c66c1ddf0a3c7/ReaClassical/ReaClassical_Whole%20Project%20View%20Horizontal.lua</source>
        <source main="main" file="ReaClassical_Whole Project View Vertical.lua">https://github.com/chmaha/ReaClassical/raw/226a46815c300b1e273364118c0c66c1ddf0a3c7/ReaClassical/ReaClassical_Whole%20Project%20View%20Vertical.lua</source>
        <source main="main" file="ReaClassical_Vertical Workflow.lua">https://github.com/chmaha/ReaClassical/raw/226a46815c300b1e273364118c0c66c1ddf0a3c7/ReaClassical/ReaClassical_Vertical%20Workflow.lua</source>
        <source main="main" file="ReaClassical_Audition.lua">https://github.com/chmaha/ReaClassical/raw/226a46815c300b1e273364118c0c66c1ddf0a3c7/ReaClassical/ReaClassical_Audition.lua</source>
        <source main="main" file="ReaClassical_Delete Leaving Silence.lua">https://github.com/chmaha/ReaClassical/raw/226a46815c300b1e273364118c0c66c1ddf0a3c7/ReaClassical/ReaClassical_Delete%20Leaving%20Silence.lua</source>
        <source main="main" file="ReaClassical_Delete With Ripple.lua">https://github.com/chmaha/ReaClassical/raw/226a46815c300b1e273364118c0c66c1ddf0a3c7/ReaClassical/ReaClassical_Delete%20With%20Ripple.lua</source>
        <source main="main" file="ReaClassical_Insert with timestretching.lua">https://github.com/chmaha/ReaClassical/raw/226a46815c300b1e273364118c0c66c1ddf0a3c7/ReaClassical/ReaClassical_Insert%20with%20timestretching.lua</source>
        <source main="main" file="ReaClassical_Horizontal Workflow.lua">https://github.com/chmaha/ReaClassical/raw/226a46815c300b1e273364118c0c66c1ddf0a3c7/ReaClassical/ReaClassical_Horizontal%20Workflow.lua</source>
        <source main="main" file="ReaClassical_Lock_toggle.lua">https://github.com/chmaha/ReaClassical/raw/226a46815c300b1e273364118c0c66c1ddf0a3c7/ReaClassical/ReaClassical_Lock_toggle.lua</source>
        <source main="main" file="ReaClassical_Create CD Markers.lua">https://github.com/chmaha/ReaClassical/raw/226a46815c300b1e273364118c0c66c1ddf0a3c7/ReaClassical/ReaClassical_Create%20CD%20Markers.lua</source>
        <source main="main" file="ReaClassical_Help.lua">https://github.com/chmaha/ReaClassical/raw/226a46815c300b1e273364118c0c66c1ddf0a3c7/ReaClassical/ReaClassical_Help.lua</source>
        <source main="main" file="ReaClassical_Next Item or Fade.lua">https://github.com/chmaha/ReaClassical/raw/226a46815c300b1e273364118c0c66c1ddf0a3c7/ReaClassical/ReaClassical_Next%20Item%20or%20Fade.lua</source>
        <source main="main" file="ReaClassical_Previous Item or Fade.lua">https://github.com/chmaha/ReaClassical/raw/226a46815c300b1e273364118c0c66c1ddf0a3c7/ReaClassical/ReaClassical_Previous%20Item%20or%20Fade.lua</source>
        <source main="main" file="ReaClassical_Add Aux.lua">https://github.com/chmaha/ReaClassical/raw/226a46815c300b1e273364118c0c66c1ddf0a3c7/ReaClassical/ReaClassical_Add%20Aux.lua</source>
        <source main="main" file="ReaClassical_Add Submix.lua">https://github.com/chmaha/ReaClassical/raw/226a46815c300b1e273364118c0c66c1ddf0a3c7/ReaClassical/ReaClassical_Add%20Submix.lua</source>
        <source main="main" file="ReaClassical_Reposition_Album_Tracks.lua">https://github.com/chmaha/ReaClassical/raw/226a46815c300b1e273364118c0c66c1ddf0a3c7/ReaClassical/ReaClassical_Reposition_Album_Tracks.lua</source>
        <source main="main" file="ReaClassical_Preferences.lua">https://github.com/chmaha/ReaClassical/raw/226a46815c300b1e273364118c0c66c1ddf0a3c7/ReaClassical/ReaClassical_Preferences.lua</source>
        <source main="main" file="ReaClassical_TrackLeft.lua">https://github.com/chmaha/ReaClassical/raw/226a46815c300b1e273364118c0c66c1ddf0a3c7/ReaClassical/ReaClassical_TrackLeft.lua</source>
        <source main="main" file="ReaClassical_TrackRight.lua">https://github.com/chmaha/ReaClassical/raw/226a46815c300b1e273364118c0c66c1ddf0a3c7/ReaClassical/ReaClassical_TrackRight.lua</source>
        <source main="main" file="ReaClassical_ExplodeMultiChannel.lua">https://github.com/chmaha/ReaClassical/raw/226a46815c300b1e273364118c0c66c1ddf0a3c7/ReaClassical/ReaClassical_ExplodeMultiChannel.lua</source>
        <source main="main" file="ReaClassical_Colorize.lua">https://github.com/chmaha/ReaClassical/raw/226a46815c300b1e273364118c0c66c1ddf0a3c7/ReaClassical/ReaClassical_Colorize.lua</source>
        <source main="main" file="ReaClassical_Add RoomTone Track.lua">https://github.com/chmaha/ReaClassical/raw/226a46815c300b1e273364118c0c66c1ddf0a3c7/ReaClassical/ReaClassical_Add%20RoomTone%20Track.lua</source>
        <source main="main" file="ReaClassical_Move to Destination IN marker.lua">https://github.com/chmaha/ReaClassical/raw/226a46815c300b1e273364118c0c66c1ddf0a3c7/ReaClassical/ReaClassical_Move%20to%20Destination%20IN%20marker.lua</source>
        <source main="main" file="ReaClassical_Move to Destination OUT marker.lua">https://github.com/chmaha/ReaClassical/raw/226a46815c300b1e273364118c0c66c1ddf0a3c7/ReaClassical/ReaClassical_Move%20to%20Destination%20OUT%20marker.lua</source>
        <source main="main" file="ReaClassical_Move to Source IN marker.lua">https://github.com/chmaha/ReaClassical/raw/226a46815c300b1e273364118c0c66c1ddf0a3c7/ReaClassical/ReaClassical_Move%20to%20Source%20IN%20marker.lua</source>
        <source main="main" file="ReaClassical_Move to Source OUT marker.lua">https://github.com/chmaha/ReaClassical/raw/226a46815c300b1e273364118c0c66c1ddf0a3c7/ReaClassical/ReaClassical_Move%20to%20Source%20OUT%20marker.lua</source>
        <source main="main" file="ReaClassical_Zoom to Destination IN marker.lua">https://github.com/chmaha/ReaClassical/raw/226a46815c300b1e273364118c0c66c1ddf0a3c7/ReaClassical/ReaClassical_Zoom%20to%20Destination%20IN%20marker.lua</source>
        <source main="main" file="ReaClassical_Zoom to Destination OUT marker.lua">https://github.com/chmaha/ReaClassical/raw/226a46815c300b1e273364118c0c66c1ddf0a3c7/ReaClassical/ReaClassical_Zoom%20to%20Destination%20OUT%20marker.lua</source>
        <source main="main" file="ReaClassical_Zoom to Source IN marker.lua">https://github.com/chmaha/ReaClassical/raw/226a46815c300b1e273364118c0c66c1ddf0a3c7/ReaClassical/ReaClassical_Zoom%20to%20Source%20IN%20marker.lua</source>
        <source main="main" file="ReaClassical_Zoom to Source OUT marker.lua">https://github.com/chmaha/ReaClassical/raw/226a46815c300b1e273364118c0c66c1ddf0a3c7/ReaClassical/ReaClassical_Zoom%20to%20Source%20OUT%20marker.lua</source>
        <source main="main" file="ReaClassical_3-point Insert Edit.lua">https://github.com/chmaha/ReaClassical/raw/226a46815c300b1e273364118c0c66c1ddf0a3c7/ReaClassical/ReaClassical_3-point%20Insert%20Edit.lua</source>
        <source main="main" file="ReaClassical_Updater.lua">https://github.com/chmaha/ReaClassical/raw/226a46815c300b1e273364118c0c66c1ddf0a3c7/ReaClassical/ReaClassical_Updater.lua</source>
        <source main="main" file="ReaClassical_Find Take.lua">https://github.com/chmaha/ReaClassical/raw/226a46815c300b1e273364118c0c66c1ddf0a3c7/ReaClassical/ReaClassical_Find%20Take.lua</source>
        <source main="main" file="ReaClassical_Take Counter.lua">https://github.com/chmaha/ReaClassical/raw/226a46815c300b1e273364118c0c66c1ddf0a3c7/ReaClassical/ReaClassical_Take%20Counter.lua</source>
        <source main="main" file="ReaClassical_Add Track To All Groups.lua">https://github.com/chmaha/ReaClassical/raw/226a46815c300b1e273364118c0c66c1ddf0a3c7/ReaClassical/ReaClassical_Add%20Track%20To%20All%20Groups.lua</source>
        <source main="main" file="ReaClassical_Hide Children.lua">https://github.com/chmaha/ReaClassical/raw/226a46815c300b1e273364118c0c66c1ddf0a3c7/ReaClassical/ReaClassical_Hide%20Children.lua</source>
        <source main="main" file="ReaClassical_Show Children.lua">https://github.com/chmaha/ReaClassical/raw/226a46815c300b1e273364118c0c66c1ddf0a3c7/ReaClassical/ReaClassical_Show%20Children.lua</source>
        <source main="main" file="ReaClassical_Automation Mode.lua">https://github.com/chmaha/ReaClassical/raw/226a46815c300b1e273364118c0c66c1ddf0a3c7/ReaClassical/ReaClassical_Automation%20Mode.lua</source>
        <source main="main" file="ReaClassical_Insert Automation.lua">https://github.com/chmaha/ReaClassical/raw/226a46815c300b1e273364118c0c66c1ddf0a3c7/ReaClassical/ReaClassical_Insert%20Automation.lua</source>
        <source main="main" file="ReaClassical_Set Dest Project Marker.lua">https://github.com/chmaha/ReaClassical/raw/226a46815c300b1e273364118c0c66c1ddf0a3c7/ReaClassical/ReaClassical_Set%20Dest%20Project%20Marker.lua</source>
        <source main="main" file="ReaClassical_Set Source Project Marker.lua">https://github.com/chmaha/ReaClassical/raw/226a46815c300b1e273364118c0c66c1ddf0a3c7/ReaClassical/ReaClassical_Set%20Source%20Project%20Marker.lua</source>
        <source main="main" file="ReaClassical_Delete Track From All Groups.lua">https://github.com/chmaha/ReaClassical/raw/226a46815c300b1e273364118c0c66c1ddf0a3c7/ReaClassical/ReaClassical_Delete%20Track%20From%20All%20Groups.lua</source>
        <source main="main" file="ReaClassical_Add Ref Track.lua">https://github.com/chmaha/ReaClassical/raw/226a46815c300b1e273364118c0c66c1ddf0a3c7/ReaClassical/ReaClassical_Add%20Ref%20Track.lua</source>
        <source main="main" file="ReaClassical_Source Markers to Item Edge.lua">https://github.com/chmaha/ReaClassical/raw/226a46815c300b1e273364118c0c66c1ddf0a3c7/ReaClassical/ReaClassical_Source%20Markers%20to%20Item%20Edge.lua</source>
        <source main="main" file="ReaClassical_Destination Markers to Item Edge.lua">https://github.com/chmaha/ReaClassical/raw/226a46815c300b1e273364118c0c66c1ddf0a3c7/ReaClassical/ReaClassical_Destination%20Markers%20to%20Item%20Edge.lua</source>
        <source main="main" file="ReaClassical_Remove Take Names.lua">https://github.com/chmaha/ReaClassical/raw/226a46815c300b1e273364118c0c66c1ddf0a3c7/ReaClassical/ReaClassical_Remove%20Take%20Names.lua</source>
        <source main="main" file="ReaClassical_Jump To Time.lua">https://github.com/chmaha/ReaClassical/raw/226a46815c300b1e273364118c0c66c1ddf0a3c7/ReaClassical/ReaClassical_Jump%20To%20Time.lua</source>
        <source main="main" file="ReaClassical_Audio Calculator.lua">https://github.com/chmaha/ReaClassical/raw/226a46815c300b1e273364118c0c66c1ddf0a3c7/ReaClassical/ReaClassical_Audio%20Calculator.lua</source>
        <source main="main" file="ReaClassical_Auto Set Recording Inputs.lua">https://github.com/chmaha/ReaClassical/raw/226a46815c300b1e273364118c0c66c1ddf0a3c7/ReaClassical/ReaClassical_Auto%20Set%20Recording%20Inputs.lua</source>
        <source main="main" file="ReaClassical_Mastering Mode.lua">https://github.com/chmaha/ReaClassical/raw/226a46815c300b1e273364118c0c66c1ddf0a3c7/ReaClassical/ReaClassical_Mastering%20Mode.lua</source>
        <source main="main" file="ReaClassical_Audition_with_playrate.lua">https://github.com/chmaha/ReaClassical/raw/226a46815c300b1e273364118c0c66c1ddf0a3c7/ReaClassical/ReaClassical_Audition_with_playrate.lua</source>
        <source main="main" file="ReaClassical_Increment Take Number While Recording.lua">https://github.com/chmaha/ReaClassical/raw/226a46815c300b1e273364118c0c66c1ddf0a3c7/ReaClassical/ReaClassical_Increment%20Take%20Number%20While%20Recording.lua</source>
        <source main="main" file="ReaClassical_Rank Higher.lua">https://github.com/chmaha/ReaClassical/raw/226a46815c300b1e273364118c0c66c1ddf0a3c7/ReaClassical/ReaClassical_Rank%20Higher.lua</source>
        <source main="main" file="ReaClassical_Rank Lower.lua">https://github.com/chmaha/ReaClassical/raw/226a46815c300b1e273364118c0c66c1ddf0a3c7/ReaClassical/ReaClassical_Rank%20Lower.lua</source>
        <source main="main" file="ReaClassical_Remove Ranking.lua">https://github.com/chmaha/ReaClassical/raw/226a46815c300b1e273364118c0c66c1ddf0a3c7/ReaClassical/ReaClassical_Remove%20Ranking.lua</source>
        <source main="main" file="ReaClassical_Add Special Tracks.lua">https://github.com/chmaha/ReaClassical/raw/226a46815c300b1e273364118c0c66c1ddf0a3c7/ReaClassical/ReaClassical_Add%20Special%20Tracks.lua</source>
        <source main="main" file="ReaClassical_Delete S-D Project Markers.lua">https://github.com/chmaha/ReaClassical/raw/226a46815c300b1e273364118c0c66c1ddf0a3c7/ReaClassical/ReaClassical_Delete%20S-D%20Project%20Markers.lua</source>
        <source main="main" file="ReaClassical_Copy Destination Material to Source.lua">https://github.com/chmaha/ReaClassical/raw/226a46815c300b1e273364118c0c66c1ddf0a3c7/ReaClassical/ReaClassical_Copy%20Destination%20Material%20to%20Source.lua</source>
        <source main="main" file="ReaClassical_Move Destination Material to Source.lua">https://github.com/chmaha/ReaClassical/raw/226a46815c300b1e273364118c0c66c1ddf0a3c7/ReaClassical/ReaClassical_Move%20Destination%20Material%20to%20Source.lua</source>
        <source main="main" file="ReaClassical_Show Statistics.lua">https://github.com/chmaha/ReaClassical/raw/226a46815c300b1e273364118c0c66c1ddf0a3c7/ReaClassical/ReaClassical_Show%20Statistics.lua</source>
        <source main="main" file="ReaClassical_Reverse S-D Edit.lua">https://github.com/chmaha/ReaClassical/raw/226a46815c300b1e273364118c0c66c1ddf0a3c7/ReaClassical/ReaClassical_Reverse%20S-D%20Edit.lua</source>
        <source main="main" file="ReaClassical_Build Edit List.lua">https://github.com/chmaha/ReaClassical/raw/226a46815c300b1e273364118c0c66c1ddf0a3c7/ReaClassical/ReaClassical_Build%20Edit%20List.lua</source>
        <source main="main" file="ReaClassical_Build Edit List using BWF offset.lua">https://github.com/chmaha/ReaClassical/raw/226a46815c300b1e273364118c0c66c1ddf0a3c7/ReaClassical/ReaClassical_Build%20Edit%20List%20using%20BWF%20offset.lua</source>
        <source main="main" file="ReaClassical_Metadata Report.lua">https://github.com/chmaha/ReaClassical/raw/226a46815c300b1e273364118c0c66c1ddf0a3c7/ReaClassical/ReaClassical_Metadata%20Report.lua</source>
        <source main="main" file="ReaClassical_Convert REAPER project.lua">https://github.com/chmaha/ReaClassical/raw/226a46815c300b1e273364118c0c66c1ddf0a3c7/ReaClassical/ReaClassical_Convert%20REAPER%20project.lua</source>
        <source main="main" file="ReaClassical_Split Items at Markers.lua">https://github.com/chmaha/ReaClassical/raw/226a46815c300b1e273364118c0c66c1ddf0a3c7/ReaClassical/ReaClassical_Split%20Items%20at%20Markers.lua</source>
        <source main="main" file="ReaClassical_Zoom to All Items Toggle.lua">https://github.com/chmaha/ReaClassical/raw/226a46815c300b1e273364118c0c66c1ddf0a3c7/ReaClassical/ReaClassical_Zoom%20to%20All%20Items%20Toggle.lua</source>
        <source main="main" file="ReaClassical_Set Next Recording Section.lua">https://github.com/chmaha/ReaClassical/raw/226a46815c300b1e273364118c0c66c1ddf0a3c7/ReaClassical/ReaClassical_Set%20Next%20Recording%20Section.lua</source>
        <source main="main" file="ReaClassical_Update REAPER.lua">https://github.com/chmaha/ReaClassical/raw/226a46815c300b1e273364118c0c66c1ddf0a3c7/ReaClassical/ReaClassical_Update%20REAPER.lua</source>
        <source file="ReaClassical_Play Both Items of Crossfade.lua">https://github.com/chmaha/ReaClassical/raw/226a46815c300b1e273364118c0c66c1ddf0a3c7/ReaClassical/ReaClassical_Play%20Both%20Items%20of%20Crossfade.lua</source>
        <source file="ReaClassical_Play Both Items of Crossfade with playrate.lua">https://github.com/chmaha/ReaClassical/raw/226a46815c300b1e273364118c0c66c1ddf0a3c7/ReaClassical/ReaClassical_Play%20Both%20Items%20of%20Crossfade%20with%20playrate.lua</source>
        <source file="ReaClassical_Play Left Crossfade Item.lua">https://github.com/chmaha/ReaClassical/raw/226a46815c300b1e273364118c0c66c1ddf0a3c7/ReaClassical/ReaClassical_Play%20Left%20Crossfade%20Item.lua</source>
        <source file="ReaClassical_Play Left Crossfade Item with playrate.lua">https://github.com/chmaha/ReaClassical/raw/226a46815c300b1e273364118c0c66c1ddf0a3c7/ReaClassical/ReaClassical_Play%20Left%20Crossfade%20Item%20with%20playrate.lua</source>
        <source file="ReaClassical_Play Right Crossfade Item.lua">https://github.com/chmaha/ReaClassical/raw/226a46815c300b1e273364118c0c66c1ddf0a3c7/ReaClassical/ReaClassical_Play%20Right%20Crossfade%20Item.lua</source>
        <source file="ReaClassical_Play Right Crossfade Item with playrate.lua">https://github.com/chmaha/ReaClassical/raw/226a46815c300b1e273364118c0c66c1ddf0a3c7/ReaClassical/ReaClassical_Play%20Right%20Crossfade%20Item%20with%20playrate.lua</source>
        <source type="projecttpl" file="ReaClassical.RPP">https://github.com/chmaha/ReaClassical/raw/226a46815c300b1e273364118c0c66c1ddf0a3c7/ReaClassical/ReaClassical.RPP</source>
        <source type="projecttpl" file="Room_Tone_Generation.RPP">https://github.com/chmaha/ReaClassical/raw/226a46815c300b1e273364118c0c66c1ddf0a3c7/ReaClassical/Room_Tone_Generation.RPP</source>
        <source type="theme" file="ReaClassical.ReaperThemeZip">https://github.com/chmaha/ReaClassical/raw/226a46815c300b1e273364118c0c66c1ddf0a3c7/ReaClassical/ReaClassical.ReaperThemeZip</source>
        <source type="theme" file="ReaClassical Light.ReaperThemeZip">https://github.com/chmaha/ReaClassical/raw/226a46815c300b1e273364118c0c66c1ddf0a3c7/ReaClassical/ReaClassical%20Light.ReaperThemeZip</source>
        <source type="theme" file="ReaClassical WaveColors Dark.ReaperThemeZip">https://github.com/chmaha/ReaClassical/raw/226a46815c300b1e273364118c0c66c1ddf0a3c7/ReaClassical/ReaClassical%20WaveColors%20Dark.ReaperThemeZip</source>
        <source type="theme" file="ReaClassical WaveColors Light.ReaperThemeZip">https://github.com/chmaha/ReaClassical/raw/226a46815c300b1e273364118c0c66c1ddf0a3c7/ReaClassical/ReaClassical%20WaveColors%20Light.ReaperThemeZip</source>
        <source type="data" file="toolbar_icons/copy_dest_material.png">https://github.com/chmaha/ReaClassical/raw/226a46815c300b1e273364118c0c66c1ddf0a3c7/ReaClassical/copy_dest_material.png</source>
        <source type="data" file="toolbar_icons/move_dest_material.png">https://github.com/chmaha/ReaClassical/raw/226a46815c300b1e273364118c0c66c1ddf0a3c7/ReaClassical/move_dest_material.png</source>
        <source type="data" file="toolbar_icons/delete leaving silence.png">https://github.com/chmaha/ReaClassical/raw/226a46815c300b1e273364118c0c66c1ddf0a3c7/ReaClassical/delete%20leaving%20silence.png</source>
        <source type="data" file="toolbar_icons/Delete SD Markers.png">https://github.com/chmaha/ReaClassical/raw/226a46815c300b1e273364118c0c66c1ddf0a3c7/ReaClassical/Delete%20SD%20Markers.png</source>
        <source type="data" file="toolbar_icons/Delete SD Project Markers.png">https://github.com/chmaha/ReaClassical/raw/226a46815c300b1e273364118c0c66c1ddf0a3c7/ReaClassical/Delete%20SD%20Project%20Markers.png</source>
        <source type="data" file="toolbar_icons/delete with ripple.png">https://github.com/chmaha/ReaClassical/raw/226a46815c300b1e273364118c0c66c1ddf0a3c7/ReaClassical/delete%20with%20ripple.png</source>
        <source type="data" file="toolbar_icons/Dest IN.png">https://github.com/chmaha/ReaClassical/raw/226a46815c300b1e273364118c0c66c1ddf0a3c7/ReaClassical/Dest%20IN.png</source>
        <source type="data" file="toolbar_icons/Dest OUT.png">https://github.com/chmaha/ReaClassical/raw/226a46815c300b1e273364118c0c66c1ddf0a3c7/ReaClassical/Dest%20OUT.png</source>
        <source type="data" file="toolbar_icons/Insert with timestretching.png">https://github.com/chmaha/ReaClassical/raw/226a46815c300b1e273364118c0c66c1ddf0a3c7/ReaClassical/Insert%20with%20timestretching.png</source>
        <source type="data" file="toolbar_icons/SD Edit.png">https://github.com/chmaha/ReaClassical/raw/226a46815c300b1e273364118c0c66c1ddf0a3c7/ReaClassical/SD%20Edit.png</source>
        <source type="data" file="toolbar_icons/Set_Dest_Proj.png">https://github.com/chmaha/ReaClassical/raw/226a46815c300b1e273364118c0c66c1ddf0a3c7/ReaClassical/Set_Dest_Proj.png</source>
        <source type="data" file="toolbar_icons/Set_Source_Proj.png">https://github.com/chmaha/ReaClassical/raw/226a46815c300b1e273364118c0c66c1ddf0a3c7/ReaClassical/Set_Source_Proj.png</source>
        <source type="data" file="toolbar_icons/source IN.png">https://github.com/chmaha/ReaClassical/raw/226a46815c300b1e273364118c0c66c1ddf0a3c7/ReaClassical/source%20IN.png</source>
        <source type="data" file="toolbar_icons/source OUT.png">https://github.com/chmaha/ReaClassical/raw/226a46815c300b1e273364118c0c66c1ddf0a3c7/ReaClassical/source%20OUT.png</source>
        <source type="data" file="toolbar_icons/Reverse SD Edit.png">https://github.com/chmaha/ReaClassical/raw/226a46815c300b1e273364118c0c66c1ddf0a3c7/ReaClassical/Reverse%20SD%20Edit.png</source>
        <source type="data" file="toolbar_icons/assembly.png">https://github.com/chmaha/ReaClassical/raw/226a46815c300b1e273364118c0c66c1ddf0a3c7/ReaClassical/assembly.png</source>
        <source file="ReaClassical_Colors_Table.lua">https://github.com/chmaha/ReaClassical/raw/226a46815c300b1e273364118c0c66c1ddf0a3c7/ReaClassical/ReaClassical_Colors_Table.lua</source>
        <source file="ReaClassical-Manual.pdf">https://github.com/chmaha/ReaClassical/raw/226a46815c300b1e273364118c0c66c1ddf0a3c7/PDF-Manual/ReaClassical-Manual.pdf</source>
        <source file="reaclassical-splash.png">https://github.com/chmaha/ReaClassical/raw/226a46815c300b1e273364118c0c66c1ddf0a3c7/ReaClassical/reaclassical-splash.png</source>
        <source file="ReaClassical-menu.ini">https://github.com/chmaha/ReaClassical/raw/226a46815c300b1e273364118c0c66c1ddf0a3c7/ReaClassical/ReaClassical-menu.ini</source>
        <source file="ReaClassical-kb.ini">https://github.com/chmaha/ReaClassical/raw/226a46815c300b1e273364118c0c66c1ddf0a3c7/ReaClassical/ReaClassical-kb.ini</source>
        <source file="ReaClassical-render.ini">https://github.com/chmaha/ReaClassical/raw/226a46815c300b1e273364118c0c66c1ddf0a3c7/ReaClassical/ReaClassical-render.ini</source>
        <source file="audio_calculator.html">https://github.com/chmaha/ReaClassical/raw/226a46815c300b1e273364118c0c66c1ddf0a3c7/audio_calculator.html</source>
        <source file="reaclassical_logo.png">https://github.com/chmaha/ReaClassical/raw/226a46815c300b1e273364118c0c66c1ddf0a3c7/docs/images/reaclassical_os.png</source>
        <source file="tested_reaper_ver.txt">https://github.com/chmaha/ReaClassical/raw/226a46815c300b1e273364118c0c66c1ddf0a3c7/tested_reaper_ver.txt</source>
      </version>
      <version name="25.10" author="chmaha" time="2025-10-04T15:54:11Z">
        <changelog><![CDATA[Documentation: Modify REAPER update instructions]]></changelog>
        <source main="main" file="ReaClassical_Add Destination IN marker.lua">https://github.com/chmaha/ReaClassical/raw/5f6536907cb57cbace3197f0bc369d9218bc348e/ReaClassical/ReaClassical_Add%20Destination%20IN%20marker.lua</source>
        <source main="main" file="ReaClassical_Add Destination OUT Marker.lua">https://github.com/chmaha/ReaClassical/raw/5f6536907cb57cbace3197f0bc369d9218bc348e/ReaClassical/ReaClassical_Add%20Destination%20OUT%20Marker.lua</source>
        <source main="main" file="ReaClassical_Add Source IN marker.lua">https://github.com/chmaha/ReaClassical/raw/5f6536907cb57cbace3197f0bc369d9218bc348e/ReaClassical/ReaClassical_Add%20Source%20IN%20marker.lua</source>
        <source main="main" file="ReaClassical_Add Source OUT marker.lua">https://github.com/chmaha/ReaClassical/raw/5f6536907cb57cbace3197f0bc369d9218bc348e/ReaClassical/ReaClassical_Add%20Source%20OUT%20marker.lua</source>
        <source main="main" file="ReaClassical_Classical Crossfade Editor.lua">https://github.com/chmaha/ReaClassical/raw/5f6536907cb57cbace3197f0bc369d9218bc348e/ReaClassical/ReaClassical_Classical%20Crossfade%20Editor.lua</source>
        <source main="main" file="ReaClassical_Classical Crossfade.lua">https://github.com/chmaha/ReaClassical/raw/5f6536907cb57cbace3197f0bc369d9218bc348e/ReaClassical/ReaClassical_Classical%20Crossfade.lua</source>
        <source main="main" file="ReaClassical_Classical Take Record.lua">https://github.com/chmaha/ReaClassical/raw/5f6536907cb57cbace3197f0bc369d9218bc348e/ReaClassical/ReaClassical_Classical%20Take%20Record.lua</source>
        <source main="main" file="ReaClassical_Delete All S-D markers.lua">https://github.com/chmaha/ReaClassical/raw/5f6536907cb57cbace3197f0bc369d9218bc348e/ReaClassical/ReaClassical_Delete%20All%20S-D%20markers.lua</source>
        <source main="main" file="ReaClassical_Duplicate folder (No items).lua">https://github.com/chmaha/ReaClassical/raw/5f6536907cb57cbace3197f0bc369d9218bc348e/ReaClassical/ReaClassical_Duplicate%20folder%20(No%20items).lua</source>
        <source main="main" file="ReaClassical_Prepare Takes.lua">https://github.com/chmaha/ReaClassical/raw/5f6536907cb57cbace3197f0bc369d9218bc348e/ReaClassical/ReaClassical_Prepare%20Takes.lua</source>
        <source main="main" file="ReaClassical_S-D Edit.lua">https://github.com/chmaha/ReaClassical/raw/5f6536907cb57cbace3197f0bc369d9218bc348e/ReaClassical/ReaClassical_S-D%20Edit.lua</source>
        <source main="main" file="ReaClassical_Whole Project View Horizontal.lua">https://github.com/chmaha/ReaClassical/raw/5f6536907cb57cbace3197f0bc369d9218bc348e/ReaClassical/ReaClassical_Whole%20Project%20View%20Horizontal.lua</source>
        <source main="main" file="ReaClassical_Whole Project View Vertical.lua">https://github.com/chmaha/ReaClassical/raw/5f6536907cb57cbace3197f0bc369d9218bc348e/ReaClassical/ReaClassical_Whole%20Project%20View%20Vertical.lua</source>
        <source main="main" file="ReaClassical_Vertical Workflow.lua">https://github.com/chmaha/ReaClassical/raw/5f6536907cb57cbace3197f0bc369d9218bc348e/ReaClassical/ReaClassical_Vertical%20Workflow.lua</source>
        <source main="main" file="ReaClassical_Audition.lua">https://github.com/chmaha/ReaClassical/raw/5f6536907cb57cbace3197f0bc369d9218bc348e/ReaClassical/ReaClassical_Audition.lua</source>
        <source main="main" file="ReaClassical_Delete Leaving Silence.lua">https://github.com/chmaha/ReaClassical/raw/5f6536907cb57cbace3197f0bc369d9218bc348e/ReaClassical/ReaClassical_Delete%20Leaving%20Silence.lua</source>
        <source main="main" file="ReaClassical_Delete With Ripple.lua">https://github.com/chmaha/ReaClassical/raw/5f6536907cb57cbace3197f0bc369d9218bc348e/ReaClassical/ReaClassical_Delete%20With%20Ripple.lua</source>
        <source main="main" file="ReaClassical_Insert with timestretching.lua">https://github.com/chmaha/ReaClassical/raw/5f6536907cb57cbace3197f0bc369d9218bc348e/ReaClassical/ReaClassical_Insert%20with%20timestretching.lua</source>
        <source main="main" file="ReaClassical_Horizontal Workflow.lua">https://github.com/chmaha/ReaClassical/raw/5f6536907cb57cbace3197f0bc369d9218bc348e/ReaClassical/ReaClassical_Horizontal%20Workflow.lua</source>
        <source main="main" file="ReaClassical_Lock_toggle.lua">https://github.com/chmaha/ReaClassical/raw/5f6536907cb57cbace3197f0bc369d9218bc348e/ReaClassical/ReaClassical_Lock_toggle.lua</source>
        <source main="main" file="ReaClassical_Create CD Markers.lua">https://github.com/chmaha/ReaClassical/raw/5f6536907cb57cbace3197f0bc369d9218bc348e/ReaClassical/ReaClassical_Create%20CD%20Markers.lua</source>
        <source main="main" file="ReaClassical_Help.lua">https://github.com/chmaha/ReaClassical/raw/5f6536907cb57cbace3197f0bc369d9218bc348e/ReaClassical/ReaClassical_Help.lua</source>
        <source main="main" file="ReaClassical_Next Item or Fade.lua">https://github.com/chmaha/ReaClassical/raw/5f6536907cb57cbace3197f0bc369d9218bc348e/ReaClassical/ReaClassical_Next%20Item%20or%20Fade.lua</source>
        <source main="main" file="ReaClassical_Previous Item or Fade.lua">https://github.com/chmaha/ReaClassical/raw/5f6536907cb57cbace3197f0bc369d9218bc348e/ReaClassical/ReaClassical_Previous%20Item%20or%20Fade.lua</source>
        <source main="main" file="ReaClassical_Add Aux.lua">https://github.com/chmaha/ReaClassical/raw/5f6536907cb57cbace3197f0bc369d9218bc348e/ReaClassical/ReaClassical_Add%20Aux.lua</source>
        <source main="main" file="ReaClassical_Add Submix.lua">https://github.com/chmaha/ReaClassical/raw/5f6536907cb57cbace3197f0bc369d9218bc348e/ReaClassical/ReaClassical_Add%20Submix.lua</source>
        <source main="main" file="ReaClassical_Reposition_Album_Tracks.lua">https://github.com/chmaha/ReaClassical/raw/5f6536907cb57cbace3197f0bc369d9218bc348e/ReaClassical/ReaClassical_Reposition_Album_Tracks.lua</source>
        <source main="main" file="ReaClassical_Preferences.lua">https://github.com/chmaha/ReaClassical/raw/5f6536907cb57cbace3197f0bc369d9218bc348e/ReaClassical/ReaClassical_Preferences.lua</source>
        <source main="main" file="ReaClassical_TrackLeft.lua">https://github.com/chmaha/ReaClassical/raw/5f6536907cb57cbace3197f0bc369d9218bc348e/ReaClassical/ReaClassical_TrackLeft.lua</source>
        <source main="main" file="ReaClassical_TrackRight.lua">https://github.com/chmaha/ReaClassical/raw/5f6536907cb57cbace3197f0bc369d9218bc348e/ReaClassical/ReaClassical_TrackRight.lua</source>
        <source main="main" file="ReaClassical_ExplodeMultiChannel.lua">https://github.com/chmaha/ReaClassical/raw/5f6536907cb57cbace3197f0bc369d9218bc348e/ReaClassical/ReaClassical_ExplodeMultiChannel.lua</source>
        <source main="main" file="ReaClassical_Colorize.lua">https://github.com/chmaha/ReaClassical/raw/5f6536907cb57cbace3197f0bc369d9218bc348e/ReaClassical/ReaClassical_Colorize.lua</source>
        <source main="main" file="ReaClassical_Add RoomTone Track.lua">https://github.com/chmaha/ReaClassical/raw/5f6536907cb57cbace3197f0bc369d9218bc348e/ReaClassical/ReaClassical_Add%20RoomTone%20Track.lua</source>
        <source main="main" file="ReaClassical_Move to Destination IN marker.lua">https://github.com/chmaha/ReaClassical/raw/5f6536907cb57cbace3197f0bc369d9218bc348e/ReaClassical/ReaClassical_Move%20to%20Destination%20IN%20marker.lua</source>
        <source main="main" file="ReaClassical_Move to Destination OUT marker.lua">https://github.com/chmaha/ReaClassical/raw/5f6536907cb57cbace3197f0bc369d9218bc348e/ReaClassical/ReaClassical_Move%20to%20Destination%20OUT%20marker.lua</source>
        <source main="main" file="ReaClassical_Move to Source IN marker.lua">https://github.com/chmaha/ReaClassical/raw/5f6536907cb57cbace3197f0bc369d9218bc348e/ReaClassical/ReaClassical_Move%20to%20Source%20IN%20marker.lua</source>
        <source main="main" file="ReaClassical_Move to Source OUT marker.lua">https://github.com/chmaha/ReaClassical/raw/5f6536907cb57cbace3197f0bc369d9218bc348e/ReaClassical/ReaClassical_Move%20to%20Source%20OUT%20marker.lua</source>
        <source main="main" file="ReaClassical_Zoom to Destination IN marker.lua">https://github.com/chmaha/ReaClassical/raw/5f6536907cb57cbace3197f0bc369d9218bc348e/ReaClassical/ReaClassical_Zoom%20to%20Destination%20IN%20marker.lua</source>
        <source main="main" file="ReaClassical_Zoom to Destination OUT marker.lua">https://github.com/chmaha/ReaClassical/raw/5f6536907cb57cbace3197f0bc369d9218bc348e/ReaClassical/ReaClassical_Zoom%20to%20Destination%20OUT%20marker.lua</source>
        <source main="main" file="ReaClassical_Zoom to Source IN marker.lua">https://github.com/chmaha/ReaClassical/raw/5f6536907cb57cbace3197f0bc369d9218bc348e/ReaClassical/ReaClassical_Zoom%20to%20Source%20IN%20marker.lua</source>
        <source main="main" file="ReaClassical_Zoom to Source OUT marker.lua">https://github.com/chmaha/ReaClassical/raw/5f6536907cb57cbace3197f0bc369d9218bc348e/ReaClassical/ReaClassical_Zoom%20to%20Source%20OUT%20marker.lua</source>
        <source main="main" file="ReaClassical_3-point Insert Edit.lua">https://github.com/chmaha/ReaClassical/raw/5f6536907cb57cbace3197f0bc369d9218bc348e/ReaClassical/ReaClassical_3-point%20Insert%20Edit.lua</source>
        <source main="main" file="ReaClassical_Updater.lua">https://github.com/chmaha/ReaClassical/raw/5f6536907cb57cbace3197f0bc369d9218bc348e/ReaClassical/ReaClassical_Updater.lua</source>
        <source main="main" file="ReaClassical_Find Take.lua">https://github.com/chmaha/ReaClassical/raw/5f6536907cb57cbace3197f0bc369d9218bc348e/ReaClassical/ReaClassical_Find%20Take.lua</source>
        <source main="main" file="ReaClassical_Take Counter.lua">https://github.com/chmaha/ReaClassical/raw/5f6536907cb57cbace3197f0bc369d9218bc348e/ReaClassical/ReaClassical_Take%20Counter.lua</source>
        <source main="main" file="ReaClassical_Add Track To All Groups.lua">https://github.com/chmaha/ReaClassical/raw/5f6536907cb57cbace3197f0bc369d9218bc348e/ReaClassical/ReaClassical_Add%20Track%20To%20All%20Groups.lua</source>
        <source main="main" file="ReaClassical_Hide Children.lua">https://github.com/chmaha/ReaClassical/raw/5f6536907cb57cbace3197f0bc369d9218bc348e/ReaClassical/ReaClassical_Hide%20Children.lua</source>
        <source main="main" file="ReaClassical_Show Children.lua">https://github.com/chmaha/ReaClassical/raw/5f6536907cb57cbace3197f0bc369d9218bc348e/ReaClassical/ReaClassical_Show%20Children.lua</source>
        <source main="main" file="ReaClassical_Automation Mode.lua">https://github.com/chmaha/ReaClassical/raw/5f6536907cb57cbace3197f0bc369d9218bc348e/ReaClassical/ReaClassical_Automation%20Mode.lua</source>
        <source main="main" file="ReaClassical_Insert Automation.lua">https://github.com/chmaha/ReaClassical/raw/5f6536907cb57cbace3197f0bc369d9218bc348e/ReaClassical/ReaClassical_Insert%20Automation.lua</source>
        <source main="main" file="ReaClassical_Set Dest Project Marker.lua">https://github.com/chmaha/ReaClassical/raw/5f6536907cb57cbace3197f0bc369d9218bc348e/ReaClassical/ReaClassical_Set%20Dest%20Project%20Marker.lua</source>
        <source main="main" file="ReaClassical_Set Source Project Marker.lua">https://github.com/chmaha/ReaClassical/raw/5f6536907cb57cbace3197f0bc369d9218bc348e/ReaClassical/ReaClassical_Set%20Source%20Project%20Marker.lua</source>
        <source main="main" file="ReaClassical_Delete Track From All Groups.lua">https://github.com/chmaha/ReaClassical/raw/5f6536907cb57cbace3197f0bc369d9218bc348e/ReaClassical/ReaClassical_Delete%20Track%20From%20All%20Groups.lua</source>
        <source main="main" file="ReaClassical_Add Ref Track.lua">https://github.com/chmaha/ReaClassical/raw/5f6536907cb57cbace3197f0bc369d9218bc348e/ReaClassical/ReaClassical_Add%20Ref%20Track.lua</source>
        <source main="main" file="ReaClassical_Source Markers to Item Edge.lua">https://github.com/chmaha/ReaClassical/raw/5f6536907cb57cbace3197f0bc369d9218bc348e/ReaClassical/ReaClassical_Source%20Markers%20to%20Item%20Edge.lua</source>
        <source main="main" file="ReaClassical_Destination Markers to Item Edge.lua">https://github.com/chmaha/ReaClassical/raw/5f6536907cb57cbace3197f0bc369d9218bc348e/ReaClassical/ReaClassical_Destination%20Markers%20to%20Item%20Edge.lua</source>
        <source main="main" file="ReaClassical_Remove Take Names.lua">https://github.com/chmaha/ReaClassical/raw/5f6536907cb57cbace3197f0bc369d9218bc348e/ReaClassical/ReaClassical_Remove%20Take%20Names.lua</source>
        <source main="main" file="ReaClassical_Jump To Time.lua">https://github.com/chmaha/ReaClassical/raw/5f6536907cb57cbace3197f0bc369d9218bc348e/ReaClassical/ReaClassical_Jump%20To%20Time.lua</source>
        <source main="main" file="ReaClassical_Audio Calculator.lua">https://github.com/chmaha/ReaClassical/raw/5f6536907cb57cbace3197f0bc369d9218bc348e/ReaClassical/ReaClassical_Audio%20Calculator.lua</source>
        <source main="main" file="ReaClassical_Auto Set Recording Inputs.lua">https://github.com/chmaha/ReaClassical/raw/5f6536907cb57cbace3197f0bc369d9218bc348e/ReaClassical/ReaClassical_Auto%20Set%20Recording%20Inputs.lua</source>
        <source main="main" file="ReaClassical_Mastering Mode.lua">https://github.com/chmaha/ReaClassical/raw/5f6536907cb57cbace3197f0bc369d9218bc348e/ReaClassical/ReaClassical_Mastering%20Mode.lua</source>
        <source main="main" file="ReaClassical_Audition_with_playrate.lua">https://github.com/chmaha/ReaClassical/raw/5f6536907cb57cbace3197f0bc369d9218bc348e/ReaClassical/ReaClassical_Audition_with_playrate.lua</source>
        <source main="main" file="ReaClassical_Increment Take Number While Recording.lua">https://github.com/chmaha/ReaClassical/raw/5f6536907cb57cbace3197f0bc369d9218bc348e/ReaClassical/ReaClassical_Increment%20Take%20Number%20While%20Recording.lua</source>
        <source main="main" file="ReaClassical_Rank Higher.lua">https://github.com/chmaha/ReaClassical/raw/5f6536907cb57cbace3197f0bc369d9218bc348e/ReaClassical/ReaClassical_Rank%20Higher.lua</source>
        <source main="main" file="ReaClassical_Rank Lower.lua">https://github.com/chmaha/ReaClassical/raw/5f6536907cb57cbace3197f0bc369d9218bc348e/ReaClassical/ReaClassical_Rank%20Lower.lua</source>
        <source main="main" file="ReaClassical_Remove Ranking.lua">https://github.com/chmaha/ReaClassical/raw/5f6536907cb57cbace3197f0bc369d9218bc348e/ReaClassical/ReaClassical_Remove%20Ranking.lua</source>
        <source main="main" file="ReaClassical_Add Special Tracks.lua">https://github.com/chmaha/ReaClassical/raw/5f6536907cb57cbace3197f0bc369d9218bc348e/ReaClassical/ReaClassical_Add%20Special%20Tracks.lua</source>
        <source main="main" file="ReaClassical_Delete S-D Project Markers.lua">https://github.com/chmaha/ReaClassical/raw/5f6536907cb57cbace3197f0bc369d9218bc348e/ReaClassical/ReaClassical_Delete%20S-D%20Project%20Markers.lua</source>
        <source main="main" file="ReaClassical_Copy Destination Material to Source.lua">https://github.com/chmaha/ReaClassical/raw/5f6536907cb57cbace3197f0bc369d9218bc348e/ReaClassical/ReaClassical_Copy%20Destination%20Material%20to%20Source.lua</source>
        <source main="main" file="ReaClassical_Move Destination Material to Source.lua">https://github.com/chmaha/ReaClassical/raw/5f6536907cb57cbace3197f0bc369d9218bc348e/ReaClassical/ReaClassical_Move%20Destination%20Material%20to%20Source.lua</source>
        <source main="main" file="ReaClassical_Show Statistics.lua">https://github.com/chmaha/ReaClassical/raw/5f6536907cb57cbace3197f0bc369d9218bc348e/ReaClassical/ReaClassical_Show%20Statistics.lua</source>
        <source main="main" file="ReaClassical_Reverse S-D Edit.lua">https://github.com/chmaha/ReaClassical/raw/5f6536907cb57cbace3197f0bc369d9218bc348e/ReaClassical/ReaClassical_Reverse%20S-D%20Edit.lua</source>
        <source main="main" file="ReaClassical_Build Edit List.lua">https://github.com/chmaha/ReaClassical/raw/5f6536907cb57cbace3197f0bc369d9218bc348e/ReaClassical/ReaClassical_Build%20Edit%20List.lua</source>
        <source main="main" file="ReaClassical_Build Edit List using BWF offset.lua">https://github.com/chmaha/ReaClassical/raw/5f6536907cb57cbace3197f0bc369d9218bc348e/ReaClassical/ReaClassical_Build%20Edit%20List%20using%20BWF%20offset.lua</source>
        <source main="main" file="ReaClassical_Metadata Report.lua">https://github.com/chmaha/ReaClassical/raw/5f6536907cb57cbace3197f0bc369d9218bc348e/ReaClassical/ReaClassical_Metadata%20Report.lua</source>
        <source main="main" file="ReaClassical_Convert REAPER project.lua">https://github.com/chmaha/ReaClassical/raw/5f6536907cb57cbace3197f0bc369d9218bc348e/ReaClassical/ReaClassical_Convert%20REAPER%20project.lua</source>
        <source main="main" file="ReaClassical_Split Items at Markers.lua">https://github.com/chmaha/ReaClassical/raw/5f6536907cb57cbace3197f0bc369d9218bc348e/ReaClassical/ReaClassical_Split%20Items%20at%20Markers.lua</source>
        <source main="main" file="ReaClassical_Zoom to All Items Toggle.lua">https://github.com/chmaha/ReaClassical/raw/5f6536907cb57cbace3197f0bc369d9218bc348e/ReaClassical/ReaClassical_Zoom%20to%20All%20Items%20Toggle.lua</source>
        <source main="main" file="ReaClassical_Set Next Recording Section.lua">https://github.com/chmaha/ReaClassical/raw/5f6536907cb57cbace3197f0bc369d9218bc348e/ReaClassical/ReaClassical_Set%20Next%20Recording%20Section.lua</source>
        <source main="main" file="ReaClassical_Update REAPER.lua">https://github.com/chmaha/ReaClassical/raw/5f6536907cb57cbace3197f0bc369d9218bc348e/ReaClassical/ReaClassical_Update%20REAPER.lua</source>
        <source file="ReaClassical_Play Both Items of Crossfade.lua">https://github.com/chmaha/ReaClassical/raw/5f6536907cb57cbace3197f0bc369d9218bc348e/ReaClassical/ReaClassical_Play%20Both%20Items%20of%20Crossfade.lua</source>
        <source file="ReaClassical_Play Both Items of Crossfade with playrate.lua">https://github.com/chmaha/ReaClassical/raw/5f6536907cb57cbace3197f0bc369d9218bc348e/ReaClassical/ReaClassical_Play%20Both%20Items%20of%20Crossfade%20with%20playrate.lua</source>
        <source file="ReaClassical_Play Left Crossfade Item.lua">https://github.com/chmaha/ReaClassical/raw/5f6536907cb57cbace3197f0bc369d9218bc348e/ReaClassical/ReaClassical_Play%20Left%20Crossfade%20Item.lua</source>
        <source file="ReaClassical_Play Left Crossfade Item with playrate.lua">https://github.com/chmaha/ReaClassical/raw/5f6536907cb57cbace3197f0bc369d9218bc348e/ReaClassical/ReaClassical_Play%20Left%20Crossfade%20Item%20with%20playrate.lua</source>
        <source file="ReaClassical_Play Right Crossfade Item.lua">https://github.com/chmaha/ReaClassical/raw/5f6536907cb57cbace3197f0bc369d9218bc348e/ReaClassical/ReaClassical_Play%20Right%20Crossfade%20Item.lua</source>
        <source file="ReaClassical_Play Right Crossfade Item with playrate.lua">https://github.com/chmaha/ReaClassical/raw/5f6536907cb57cbace3197f0bc369d9218bc348e/ReaClassical/ReaClassical_Play%20Right%20Crossfade%20Item%20with%20playrate.lua</source>
        <source type="projecttpl" file="ReaClassical.RPP">https://github.com/chmaha/ReaClassical/raw/5f6536907cb57cbace3197f0bc369d9218bc348e/ReaClassical/ReaClassical.RPP</source>
        <source type="projecttpl" file="Room_Tone_Generation.RPP">https://github.com/chmaha/ReaClassical/raw/5f6536907cb57cbace3197f0bc369d9218bc348e/ReaClassical/Room_Tone_Generation.RPP</source>
        <source type="theme" file="ReaClassical.ReaperThemeZip">https://github.com/chmaha/ReaClassical/raw/5f6536907cb57cbace3197f0bc369d9218bc348e/ReaClassical/ReaClassical.ReaperThemeZip</source>
        <source type="theme" file="ReaClassical Light.ReaperThemeZip">https://github.com/chmaha/ReaClassical/raw/5f6536907cb57cbace3197f0bc369d9218bc348e/ReaClassical/ReaClassical%20Light.ReaperThemeZip</source>
        <source type="theme" file="ReaClassical WaveColors Dark.ReaperThemeZip">https://github.com/chmaha/ReaClassical/raw/5f6536907cb57cbace3197f0bc369d9218bc348e/ReaClassical/ReaClassical%20WaveColors%20Dark.ReaperThemeZip</source>
        <source type="theme" file="ReaClassical WaveColors Light.ReaperThemeZip">https://github.com/chmaha/ReaClassical/raw/5f6536907cb57cbace3197f0bc369d9218bc348e/ReaClassical/ReaClassical%20WaveColors%20Light.ReaperThemeZip</source>
        <source type="data" file="toolbar_icons/copy_dest_material.png">https://github.com/chmaha/ReaClassical/raw/5f6536907cb57cbace3197f0bc369d9218bc348e/ReaClassical/copy_dest_material.png</source>
        <source type="data" file="toolbar_icons/move_dest_material.png">https://github.com/chmaha/ReaClassical/raw/5f6536907cb57cbace3197f0bc369d9218bc348e/ReaClassical/move_dest_material.png</source>
        <source type="data" file="toolbar_icons/delete leaving silence.png">https://github.com/chmaha/ReaClassical/raw/5f6536907cb57cbace3197f0bc369d9218bc348e/ReaClassical/delete%20leaving%20silence.png</source>
        <source type="data" file="toolbar_icons/Delete SD Markers.png">https://github.com/chmaha/ReaClassical/raw/5f6536907cb57cbace3197f0bc369d9218bc348e/ReaClassical/Delete%20SD%20Markers.png</source>
        <source type="data" file="toolbar_icons/Delete SD Project Markers.png">https://github.com/chmaha/ReaClassical/raw/5f6536907cb57cbace3197f0bc369d9218bc348e/ReaClassical/Delete%20SD%20Project%20Markers.png</source>
        <source type="data" file="toolbar_icons/delete with ripple.png">https://github.com/chmaha/ReaClassical/raw/5f6536907cb57cbace3197f0bc369d9218bc348e/ReaClassical/delete%20with%20ripple.png</source>
        <source type="data" file="toolbar_icons/Dest IN.png">https://github.com/chmaha/ReaClassical/raw/5f6536907cb57cbace3197f0bc369d9218bc348e/ReaClassical/Dest%20IN.png</source>
        <source type="data" file="toolbar_icons/Dest OUT.png">https://github.com/chmaha/ReaClassical/raw/5f6536907cb57cbace3197f0bc369d9218bc348e/ReaClassical/Dest%20OUT.png</source>
        <source type="data" file="toolbar_icons/Insert with timestretching.png">https://github.com/chmaha/ReaClassical/raw/5f6536907cb57cbace3197f0bc369d9218bc348e/ReaClassical/Insert%20with%20timestretching.png</source>
        <source type="data" file="toolbar_icons/SD Edit.png">https://github.com/chmaha/ReaClassical/raw/5f6536907cb57cbace3197f0bc369d9218bc348e/ReaClassical/SD%20Edit.png</source>
        <source type="data" file="toolbar_icons/Set_Dest_Proj.png">https://github.com/chmaha/ReaClassical/raw/5f6536907cb57cbace3197f0bc369d9218bc348e/ReaClassical/Set_Dest_Proj.png</source>
        <source type="data" file="toolbar_icons/Set_Source_Proj.png">https://github.com/chmaha/ReaClassical/raw/5f6536907cb57cbace3197f0bc369d9218bc348e/ReaClassical/Set_Source_Proj.png</source>
        <source type="data" file="toolbar_icons/source IN.png">https://github.com/chmaha/ReaClassical/raw/5f6536907cb57cbace3197f0bc369d9218bc348e/ReaClassical/source%20IN.png</source>
        <source type="data" file="toolbar_icons/source OUT.png">https://github.com/chmaha/ReaClassical/raw/5f6536907cb57cbace3197f0bc369d9218bc348e/ReaClassical/source%20OUT.png</source>
        <source type="data" file="toolbar_icons/Reverse SD Edit.png">https://github.com/chmaha/ReaClassical/raw/5f6536907cb57cbace3197f0bc369d9218bc348e/ReaClassical/Reverse%20SD%20Edit.png</source>
        <source type="data" file="toolbar_icons/assembly.png">https://github.com/chmaha/ReaClassical/raw/5f6536907cb57cbace3197f0bc369d9218bc348e/ReaClassical/assembly.png</source>
        <source file="ReaClassical_Colors_Table.lua">https://github.com/chmaha/ReaClassical/raw/5f6536907cb57cbace3197f0bc369d9218bc348e/ReaClassical/ReaClassical_Colors_Table.lua</source>
        <source file="ReaClassical-Manual.pdf">https://github.com/chmaha/ReaClassical/raw/5f6536907cb57cbace3197f0bc369d9218bc348e/PDF-Manual/ReaClassical-Manual.pdf</source>
        <source file="reaclassical-splash.png">https://github.com/chmaha/ReaClassical/raw/5f6536907cb57cbace3197f0bc369d9218bc348e/ReaClassical/reaclassical-splash.png</source>
        <source file="ReaClassical-menu.ini">https://github.com/chmaha/ReaClassical/raw/5f6536907cb57cbace3197f0bc369d9218bc348e/ReaClassical/ReaClassical-menu.ini</source>
        <source file="ReaClassical-kb.ini">https://github.com/chmaha/ReaClassical/raw/5f6536907cb57cbace3197f0bc369d9218bc348e/ReaClassical/ReaClassical-kb.ini</source>
        <source file="ReaClassical-render.ini">https://github.com/chmaha/ReaClassical/raw/5f6536907cb57cbace3197f0bc369d9218bc348e/ReaClassical/ReaClassical-render.ini</source>
        <source file="audio_calculator.html">https://github.com/chmaha/ReaClassical/raw/5f6536907cb57cbace3197f0bc369d9218bc348e/audio_calculator.html</source>
        <source file="reaclassical_logo.png">https://github.com/chmaha/ReaClassical/raw/5f6536907cb57cbace3197f0bc369d9218bc348e/docs/images/reaclassical_os.png</source>
        <source file="tested_reaper_ver.txt">https://github.com/chmaha/ReaClassical/raw/5f6536907cb57cbace3197f0bc369d9218bc348e/tested_reaper_ver.txt</source>
      </version>
    </reapack>
  </category>
  <category name="ReaClassicalCore">
    <reapack name="ReaClassicalCore.lua" type="script" desc="ReaClassical Core">
      <metadata>
        <description><![CDATA[{\rtf1\ansi\deff0{\fonttbl{\f0 \fswiss Helvetica;}{\f1 \fmodern Courier;}}
{\colortbl;\red255\green0\blue0;\red0\green0\blue255;}
\widowctrl\hyphauto
{\pard \ql \f0 \sa180 \li0 \fi0 These functions provide everything you need for professional source-destination editing in REAPER. For a more complete editing, mixing and mastering solution for classical and other acoustic music, please see https://reaclassical.org\par}
}
]]></description>
      </metadata>
      <version name="1.4" author="chmaha" time="2025-08-12T13:44:06Z">
        <changelog><![CDATA[Replace CountSelectedMediaItems & GetSelectedMediaItem functions]]></changelog>
        <source main="main" file="ReaClassical Core_Add Destination IN marker.lua">https://github.com/chmaha/ReaClassical/raw/078eccab4102c9c5a807aea41945485382507bc5/ReaClassicalCore/ReaClassical%20Core_Add%20Destination%20IN%20marker.lua</source>
        <source main="main" file="ReaClassical Core_Add Destination OUT Marker.lua">https://github.com/chmaha/ReaClassical/raw/078eccab4102c9c5a807aea41945485382507bc5/ReaClassicalCore/ReaClassical%20Core_Add%20Destination%20OUT%20Marker.lua</source>
        <source main="main" file="ReaClassical Core_Add Source IN marker.lua">https://github.com/chmaha/ReaClassical/raw/078eccab4102c9c5a807aea41945485382507bc5/ReaClassicalCore/ReaClassical%20Core_Add%20Source%20IN%20marker.lua</source>
        <source main="main" file="ReaClassical Core_Add Source OUT marker.lua">https://github.com/chmaha/ReaClassical/raw/078eccab4102c9c5a807aea41945485382507bc5/ReaClassicalCore/ReaClassical%20Core_Add%20Source%20OUT%20marker.lua</source>
        <source main="main" file="ReaClassical Core_Delete All S-D markers.lua">https://github.com/chmaha/ReaClassical/raw/078eccab4102c9c5a807aea41945485382507bc5/ReaClassicalCore/ReaClassical%20Core_Delete%20All%20S-D%20markers.lua</source>
        <source main="main" file="ReaClassical Core_Prepare Takes.lua">https://github.com/chmaha/ReaClassical/raw/078eccab4102c9c5a807aea41945485382507bc5/ReaClassicalCore/ReaClassical%20Core_Prepare%20Takes.lua</source>
        <source main="main" file="ReaClassical Core_S-D Edit.lua">https://github.com/chmaha/ReaClassical/raw/078eccab4102c9c5a807aea41945485382507bc5/ReaClassicalCore/ReaClassical%20Core_S-D%20Edit.lua</source>
        <source main="main" file="ReaClassical Core_Delete Leaving Silence.lua">https://github.com/chmaha/ReaClassical/raw/078eccab4102c9c5a807aea41945485382507bc5/ReaClassicalCore/ReaClassical%20Core_Delete%20Leaving%20Silence.lua</source>
        <source main="main" file="ReaClassical Core_Delete With Ripple.lua">https://github.com/chmaha/ReaClassical/raw/078eccab4102c9c5a807aea41945485382507bc5/ReaClassicalCore/ReaClassical%20Core_Delete%20With%20Ripple.lua</source>
        <source main="main" file="ReaClassical Core_Insert with timestretching.lua">https://github.com/chmaha/ReaClassical/raw/078eccab4102c9c5a807aea41945485382507bc5/ReaClassicalCore/ReaClassical%20Core_Insert%20with%20timestretching.lua</source>
        <source main="main" file="ReaClassical Core_Preferences.lua">https://github.com/chmaha/ReaClassical/raw/078eccab4102c9c5a807aea41945485382507bc5/ReaClassicalCore/ReaClassical%20Core_Preferences.lua</source>
        <source main="main" file="ReaClassical Core_Move to Destination IN marker.lua">https://github.com/chmaha/ReaClassical/raw/078eccab4102c9c5a807aea41945485382507bc5/ReaClassicalCore/ReaClassical%20Core_Move%20to%20Destination%20IN%20marker.lua</source>
        <source main="main" file="ReaClassical Core_Move to Destination OUT marker.lua">https://github.com/chmaha/ReaClassical/raw/078eccab4102c9c5a807aea41945485382507bc5/ReaClassicalCore/ReaClassical%20Core_Move%20to%20Destination%20OUT%20marker.lua</source>
        <source main="main" file="ReaClassical Core_Move to Source IN marker.lua">https://github.com/chmaha/ReaClassical/raw/078eccab4102c9c5a807aea41945485382507bc5/ReaClassicalCore/ReaClassical%20Core_Move%20to%20Source%20IN%20marker.lua</source>
        <source main="main" file="ReaClassical Core_Move to Source OUT marker.lua">https://github.com/chmaha/ReaClassical/raw/078eccab4102c9c5a807aea41945485382507bc5/ReaClassicalCore/ReaClassical%20Core_Move%20to%20Source%20OUT%20marker.lua</source>
        <source main="main" file="ReaClassical Core_Zoom to Destination IN marker.lua">https://github.com/chmaha/ReaClassical/raw/078eccab4102c9c5a807aea41945485382507bc5/ReaClassicalCore/ReaClassical%20Core_Zoom%20to%20Destination%20IN%20marker.lua</source>
        <source main="main" file="ReaClassical Core_Zoom to Destination OUT marker.lua">https://github.com/chmaha/ReaClassical/raw/078eccab4102c9c5a807aea41945485382507bc5/ReaClassicalCore/ReaClassical%20Core_Zoom%20to%20Destination%20OUT%20marker.lua</source>
        <source main="main" file="ReaClassical Core_Zoom to Source IN marker.lua">https://github.com/chmaha/ReaClassical/raw/078eccab4102c9c5a807aea41945485382507bc5/ReaClassicalCore/ReaClassical%20Core_Zoom%20to%20Source%20IN%20marker.lua</source>
        <source main="main" file="ReaClassical Core_Zoom to Source OUT marker.lua">https://github.com/chmaha/ReaClassical/raw/078eccab4102c9c5a807aea41945485382507bc5/ReaClassicalCore/ReaClassical%20Core_Zoom%20to%20Source%20OUT%20marker.lua</source>
        <source main="main" file="ReaClassical Core_3-point Insert Edit.lua">https://github.com/chmaha/ReaClassical/raw/078eccab4102c9c5a807aea41945485382507bc5/ReaClassicalCore/ReaClassical%20Core_3-point%20Insert%20Edit.lua</source>
        <source main="main" file="ReaClassical Core_Set Dest Project Marker.lua">https://github.com/chmaha/ReaClassical/raw/078eccab4102c9c5a807aea41945485382507bc5/ReaClassicalCore/ReaClassical%20Core_Set%20Dest%20Project%20Marker.lua</source>
        <source main="main" file="ReaClassical Core_Set Source Project Marker.lua">https://github.com/chmaha/ReaClassical/raw/078eccab4102c9c5a807aea41945485382507bc5/ReaClassicalCore/ReaClassical%20Core_Set%20Source%20Project%20Marker.lua</source>
        <source main="main" file="ReaClassical Core_Source Markers to Item Edge.lua">https://github.com/chmaha/ReaClassical/raw/078eccab4102c9c5a807aea41945485382507bc5/ReaClassicalCore/ReaClassical%20Core_Source%20Markers%20to%20Item%20Edge.lua</source>
        <source main="main" file="ReaClassical Core_Destination Markers to Item Edge.lua">https://github.com/chmaha/ReaClassical/raw/078eccab4102c9c5a807aea41945485382507bc5/ReaClassicalCore/ReaClassical%20Core_Destination%20Markers%20to%20Item%20Edge.lua</source>
        <source main="main" file="ReaClassical Core_Delete S-D Project Markers.lua">https://github.com/chmaha/ReaClassical/raw/078eccab4102c9c5a807aea41945485382507bc5/ReaClassicalCore/ReaClassical%20Core_Delete%20S-D%20Project%20Markers.lua</source>
        <source main="main" file="ReaClassical Core_Find Take.lua">https://github.com/chmaha/ReaClassical/raw/078eccab4102c9c5a807aea41945485382507bc5/ReaClassicalCore/ReaClassical%20Core_Find%20Take.lua</source>
      </version>
      <version name="1.5" author="chmaha" time="2025-08-29T19:26:31Z">
        <changelog><![CDATA[Satisfy luacheck in terms of line length]]></changelog>
        <source main="main" file="ReaClassical Core_Add Destination IN marker.lua">https://github.com/chmaha/ReaClassical/raw/ee81052aaa30e08d7d72192108876bb727c45f6d/ReaClassicalCore/ReaClassical%20Core_Add%20Destination%20IN%20marker.lua</source>
        <source main="main" file="ReaClassical Core_Add Destination OUT Marker.lua">https://github.com/chmaha/ReaClassical/raw/ee81052aaa30e08d7d72192108876bb727c45f6d/ReaClassicalCore/ReaClassical%20Core_Add%20Destination%20OUT%20Marker.lua</source>
        <source main="main" file="ReaClassical Core_Add Source IN marker.lua">https://github.com/chmaha/ReaClassical/raw/ee81052aaa30e08d7d72192108876bb727c45f6d/ReaClassicalCore/ReaClassical%20Core_Add%20Source%20IN%20marker.lua</source>
        <source main="main" file="ReaClassical Core_Add Source OUT marker.lua">https://github.com/chmaha/ReaClassical/raw/ee81052aaa30e08d7d72192108876bb727c45f6d/ReaClassicalCore/ReaClassical%20Core_Add%20Source%20OUT%20marker.lua</source>
        <source main="main" file="ReaClassical Core_Delete All S-D markers.lua">https://github.com/chmaha/ReaClassical/raw/ee81052aaa30e08d7d72192108876bb727c45f6d/ReaClassicalCore/ReaClassical%20Core_Delete%20All%20S-D%20markers.lua</source>
        <source main="main" file="ReaClassical Core_Prepare Takes.lua">https://github.com/chmaha/ReaClassical/raw/ee81052aaa30e08d7d72192108876bb727c45f6d/ReaClassicalCore/ReaClassical%20Core_Prepare%20Takes.lua</source>
        <source main="main" file="ReaClassical Core_S-D Edit.lua">https://github.com/chmaha/ReaClassical/raw/ee81052aaa30e08d7d72192108876bb727c45f6d/ReaClassicalCore/ReaClassical%20Core_S-D%20Edit.lua</source>
        <source main="main" file="ReaClassical Core_Delete Leaving Silence.lua">https://github.com/chmaha/ReaClassical/raw/ee81052aaa30e08d7d72192108876bb727c45f6d/ReaClassicalCore/ReaClassical%20Core_Delete%20Leaving%20Silence.lua</source>
        <source main="main" file="ReaClassical Core_Delete With Ripple.lua">https://github.com/chmaha/ReaClassical/raw/ee81052aaa30e08d7d72192108876bb727c45f6d/ReaClassicalCore/ReaClassical%20Core_Delete%20With%20Ripple.lua</source>
        <source main="main" file="ReaClassical Core_Insert with timestretching.lua">https://github.com/chmaha/ReaClassical/raw/ee81052aaa30e08d7d72192108876bb727c45f6d/ReaClassicalCore/ReaClassical%20Core_Insert%20with%20timestretching.lua</source>
        <source main="main" file="ReaClassical Core_Preferences.lua">https://github.com/chmaha/ReaClassical/raw/ee81052aaa30e08d7d72192108876bb727c45f6d/ReaClassicalCore/ReaClassical%20Core_Preferences.lua</source>
        <source main="main" file="ReaClassical Core_Move to Destination IN marker.lua">https://github.com/chmaha/ReaClassical/raw/ee81052aaa30e08d7d72192108876bb727c45f6d/ReaClassicalCore/ReaClassical%20Core_Move%20to%20Destination%20IN%20marker.lua</source>
        <source main="main" file="ReaClassical Core_Move to Destination OUT marker.lua">https://github.com/chmaha/ReaClassical/raw/ee81052aaa30e08d7d72192108876bb727c45f6d/ReaClassicalCore/ReaClassical%20Core_Move%20to%20Destination%20OUT%20marker.lua</source>
        <source main="main" file="ReaClassical Core_Move to Source IN marker.lua">https://github.com/chmaha/ReaClassical/raw/ee81052aaa30e08d7d72192108876bb727c45f6d/ReaClassicalCore/ReaClassical%20Core_Move%20to%20Source%20IN%20marker.lua</source>
        <source main="main" file="ReaClassical Core_Move to Source OUT marker.lua">https://github.com/chmaha/ReaClassical/raw/ee81052aaa30e08d7d72192108876bb727c45f6d/ReaClassicalCore/ReaClassical%20Core_Move%20to%20Source%20OUT%20marker.lua</source>
        <source main="main" file="ReaClassical Core_Zoom to Destination IN marker.lua">https://github.com/chmaha/ReaClassical/raw/ee81052aaa30e08d7d72192108876bb727c45f6d/ReaClassicalCore/ReaClassical%20Core_Zoom%20to%20Destination%20IN%20marker.lua</source>
        <source main="main" file="ReaClassical Core_Zoom to Destination OUT marker.lua">https://github.com/chmaha/ReaClassical/raw/ee81052aaa30e08d7d72192108876bb727c45f6d/ReaClassicalCore/ReaClassical%20Core_Zoom%20to%20Destination%20OUT%20marker.lua</source>
        <source main="main" file="ReaClassical Core_Zoom to Source IN marker.lua">https://github.com/chmaha/ReaClassical/raw/ee81052aaa30e08d7d72192108876bb727c45f6d/ReaClassicalCore/ReaClassical%20Core_Zoom%20to%20Source%20IN%20marker.lua</source>
        <source main="main" file="ReaClassical Core_Zoom to Source OUT marker.lua">https://github.com/chmaha/ReaClassical/raw/ee81052aaa30e08d7d72192108876bb727c45f6d/ReaClassicalCore/ReaClassical%20Core_Zoom%20to%20Source%20OUT%20marker.lua</source>
        <source main="main" file="ReaClassical Core_3-point Insert Edit.lua">https://github.com/chmaha/ReaClassical/raw/ee81052aaa30e08d7d72192108876bb727c45f6d/ReaClassicalCore/ReaClassical%20Core_3-point%20Insert%20Edit.lua</source>
        <source main="main" file="ReaClassical Core_Set Dest Project Marker.lua">https://github.com/chmaha/ReaClassical/raw/ee81052aaa30e08d7d72192108876bb727c45f6d/ReaClassicalCore/ReaClassical%20Core_Set%20Dest%20Project%20Marker.lua</source>
        <source main="main" file="ReaClassical Core_Set Source Project Marker.lua">https://github.com/chmaha/ReaClassical/raw/ee81052aaa30e08d7d72192108876bb727c45f6d/ReaClassicalCore/ReaClassical%20Core_Set%20Source%20Project%20Marker.lua</source>
        <source main="main" file="ReaClassical Core_Source Markers to Item Edge.lua">https://github.com/chmaha/ReaClassical/raw/ee81052aaa30e08d7d72192108876bb727c45f6d/ReaClassicalCore/ReaClassical%20Core_Source%20Markers%20to%20Item%20Edge.lua</source>
        <source main="main" file="ReaClassical Core_Destination Markers to Item Edge.lua">https://github.com/chmaha/ReaClassical/raw/ee81052aaa30e08d7d72192108876bb727c45f6d/ReaClassicalCore/ReaClassical%20Core_Destination%20Markers%20to%20Item%20Edge.lua</source>
        <source main="main" file="ReaClassical Core_Delete S-D Project Markers.lua">https://github.com/chmaha/ReaClassical/raw/ee81052aaa30e08d7d72192108876bb727c45f6d/ReaClassicalCore/ReaClassical%20Core_Delete%20S-D%20Project%20Markers.lua</source>
        <source main="main" file="ReaClassical Core_Find Take.lua">https://github.com/chmaha/ReaClassical/raw/ee81052aaa30e08d7d72192108876bb727c45f6d/ReaClassicalCore/ReaClassical%20Core_Find%20Take.lua</source>
      </version>
    </reapack>
  </category>
</index>
