<?xml version="1.0" encoding="utf-8"?>
<index version="1" name="chmaha Scripts" commit="4cf8f5425b87587e98b7dbedc2c0223b533f592c">
  <category name="RCPlugs">
    <reapack name="rcplugs.jsfx" type="effect" desc="RCPlugs">
      <version name="1.16" author="chmaha" time="2025-08-24T16:35:28Z">
        <changelog><![CDATA[Reverb: Various NO-OP adjustments to files]]></changelog>
        <source file="RCComp.jsfx">https://github.com/chmaha/ReaClassical/raw/1b55053e762255bbd7abdbc9569088dff3e75f65/RCPlugs/RCComp.jsfx</source>
        <source file="RCDeEss.jsfx">https://github.com/chmaha/ReaClassical/raw/1b55053e762255bbd7abdbc9569088dff3e75f65/RCPlugs/RCDeEss.jsfx</source>
        <source file="RCDeEss_Advanced.jsfx">https://github.com/chmaha/ReaClassical/raw/1b55053e762255bbd7abdbc9569088dff3e75f65/RCPlugs/RCDeEss_Advanced.jsfx</source>
        <source file="RCDither.jsfx">https://github.com/chmaha/ReaClassical/raw/1b55053e762255bbd7abdbc9569088dff3e75f65/RCPlugs/RCDither.jsfx</source>
        <source file="RCChannelEQ.jsfx">https://github.com/chmaha/ReaClassical/raw/1b55053e762255bbd7abdbc9569088dff3e75f65/RCPlugs/RCChannelEQ.jsfx</source>
        <source file="RCGain.jsfx">https://github.com/chmaha/ReaClassical/raw/1b55053e762255bbd7abdbc9569088dff3e75f65/RCPlugs/RCGain.jsfx</source>
        <source file="RCLimiter.jsfx">https://github.com/chmaha/ReaClassical/raw/1b55053e762255bbd7abdbc9569088dff3e75f65/RCPlugs/RCLimiter.jsfx</source>
        <source file="RCParallelK.jsfx">https://github.com/chmaha/ReaClassical/raw/1b55053e762255bbd7abdbc9569088dff3e75f65/RCPlugs/RCParallelK.jsfx</source>
        <source file="RCMasteringEQ.jsfx">https://github.com/chmaha/ReaClassical/raw/1b55053e762255bbd7abdbc9569088dff3e75f65/RCPlugs/RCMasteringEQ.jsfx</source>
        <source file="RCInflator.jsfx">https://github.com/chmaha/ReaClassical/raw/1b55053e762255bbd7abdbc9569088dff3e75f65/RCPlugs/RCInflator.jsfx</source>
        <source file="RCTimePhase.jsfx">https://github.com/chmaha/ReaClassical/raw/1b55053e762255bbd7abdbc9569088dff3e75f65/RCPlugs/RCTimePhase.jsfx</source>
        <source file="RCConsoleBus.jsfx">https://github.com/chmaha/ReaClassical/raw/1b55053e762255bbd7abdbc9569088dff3e75f65/RCPlugs/RCConsoleBus.jsfx</source>
        <source file="RCConsoleChannel.jsfx">https://github.com/chmaha/ReaClassical/raw/1b55053e762255bbd7abdbc9569088dff3e75f65/RCPlugs/RCConsoleChannel.jsfx</source>
        <source file="RCConsoleFinalizer.jsfx">https://github.com/chmaha/ReaClassical/raw/1b55053e762255bbd7abdbc9569088dff3e75f65/RCPlugs/RCConsoleFinalizer.jsfx</source>
        <source file="RCMidSide.jsfx">https://github.com/chmaha/ReaClassical/raw/1b55053e762255bbd7abdbc9569088dff3e75f65/RCPlugs/RCMidSide.jsfx</source>
        <source file="RCReverb_Insert.jsfx">https://github.com/chmaha/ReaClassical/raw/1b55053e762255bbd7abdbc9569088dff3e75f65/RCPlugs/RCReverb_Insert.jsfx</source>
        <source file="RCReverb_Send.jsfx">https://github.com/chmaha/ReaClassical/raw/1b55053e762255bbd7abdbc9569088dff3e75f65/RCPlugs/RCReverb_Send.jsfx</source>
      </version>
      <version name="1.17" author="chmaha" time="2025-08-26T18:55:28Z">
        <changelog><![CDATA[Add RCModulator plugin]]></changelog>
        <source file="RCComp.jsfx">https://github.com/chmaha/ReaClassical/raw/7cc4a4291a63efae431967987b156494fcefd2e3/RCPlugs/RCComp.jsfx</source>
        <source file="RCDeEss.jsfx">https://github.com/chmaha/ReaClassical/raw/7cc4a4291a63efae431967987b156494fcefd2e3/RCPlugs/RCDeEss.jsfx</source>
        <source file="RCDeEss_Advanced.jsfx">https://github.com/chmaha/ReaClassical/raw/7cc4a4291a63efae431967987b156494fcefd2e3/RCPlugs/RCDeEss_Advanced.jsfx</source>
        <source file="RCDither.jsfx">https://github.com/chmaha/ReaClassical/raw/7cc4a4291a63efae431967987b156494fcefd2e3/RCPlugs/RCDither.jsfx</source>
        <source file="RCChannelEQ.jsfx">https://github.com/chmaha/ReaClassical/raw/7cc4a4291a63efae431967987b156494fcefd2e3/RCPlugs/RCChannelEQ.jsfx</source>
        <source file="RCGain.jsfx">https://github.com/chmaha/ReaClassical/raw/7cc4a4291a63efae431967987b156494fcefd2e3/RCPlugs/RCGain.jsfx</source>
        <source file="RCLimiter.jsfx">https://github.com/chmaha/ReaClassical/raw/7cc4a4291a63efae431967987b156494fcefd2e3/RCPlugs/RCLimiter.jsfx</source>
        <source file="RCParallelK.jsfx">https://github.com/chmaha/ReaClassical/raw/7cc4a4291a63efae431967987b156494fcefd2e3/RCPlugs/RCParallelK.jsfx</source>
        <source file="RCMasteringEQ.jsfx">https://github.com/chmaha/ReaClassical/raw/7cc4a4291a63efae431967987b156494fcefd2e3/RCPlugs/RCMasteringEQ.jsfx</source>
        <source file="RCInflator.jsfx">https://github.com/chmaha/ReaClassical/raw/7cc4a4291a63efae431967987b156494fcefd2e3/RCPlugs/RCInflator.jsfx</source>
        <source file="RCTimePhase.jsfx">https://github.com/chmaha/ReaClassical/raw/7cc4a4291a63efae431967987b156494fcefd2e3/RCPlugs/RCTimePhase.jsfx</source>
        <source file="RCConsoleBus.jsfx">https://github.com/chmaha/ReaClassical/raw/7cc4a4291a63efae431967987b156494fcefd2e3/RCPlugs/RCConsoleBus.jsfx</source>
        <source file="RCConsoleChannel.jsfx">https://github.com/chmaha/ReaClassical/raw/7cc4a4291a63efae431967987b156494fcefd2e3/RCPlugs/RCConsoleChannel.jsfx</source>
        <source file="RCConsoleFinalizer.jsfx">https://github.com/chmaha/ReaClassical/raw/7cc4a4291a63efae431967987b156494fcefd2e3/RCPlugs/RCConsoleFinalizer.jsfx</source>
        <source file="RCMidSide.jsfx">https://github.com/chmaha/ReaClassical/raw/7cc4a4291a63efae431967987b156494fcefd2e3/RCPlugs/RCMidSide.jsfx</source>
        <source file="RCReverb_Insert.jsfx">https://github.com/chmaha/ReaClassical/raw/7cc4a4291a63efae431967987b156494fcefd2e3/RCPlugs/RCReverb_Insert.jsfx</source>
        <source file="RCReverb_Send.jsfx">https://github.com/chmaha/ReaClassical/raw/7cc4a4291a63efae431967987b156494fcefd2e3/RCPlugs/RCReverb_Send.jsfx</source>
        <source file="RCModulator.jsfx">https://github.com/chmaha/ReaClassical/raw/7cc4a4291a63efae431967987b156494fcefd2e3/RCPlugs/RCModulator.jsfx</source>
      </version>
    </reapack>
  </category>
  <category name="ReaClassicalCore">
    <reapack name="ReaClassicalCore.lua" type="script" desc="ReaClassical Core">
      <metadata>
        <description><![CDATA[{\rtf1\ansi\deff0{\fonttbl{\f0 \fswiss Helvetica;}{\f1 \fmodern Courier;}}
{\colortbl;\red255\green0\blue0;\red0\green0\blue255;}
\widowctrl\hyphauto
{\pard \ql \f0 \sa180 \li0 \fi0 These functions provide everything you need for professional source-destination editing in REAPER. For a more complete editing, mixing and mastering solution for classical and other acoustic music, please see https://reaclassical.org\par}
}
]]></description>
      </metadata>
      <version name="1.4" author="chmaha" time="2025-08-12T13:44:06Z">
        <changelog><![CDATA[Replace CountSelectedMediaItems & GetSelectedMediaItem functions]]></changelog>
        <source main="main" file="ReaClassical Core_Add Destination IN marker.lua">https://github.com/chmaha/ReaClassical/raw/078eccab4102c9c5a807aea41945485382507bc5/ReaClassicalCore/ReaClassical%20Core_Add%20Destination%20IN%20marker.lua</source>
        <source main="main" file="ReaClassical Core_Add Destination OUT Marker.lua">https://github.com/chmaha/ReaClassical/raw/078eccab4102c9c5a807aea41945485382507bc5/ReaClassicalCore/ReaClassical%20Core_Add%20Destination%20OUT%20Marker.lua</source>
        <source main="main" file="ReaClassical Core_Add Source IN marker.lua">https://github.com/chmaha/ReaClassical/raw/078eccab4102c9c5a807aea41945485382507bc5/ReaClassicalCore/ReaClassical%20Core_Add%20Source%20IN%20marker.lua</source>
        <source main="main" file="ReaClassical Core_Add Source OUT marker.lua">https://github.com/chmaha/ReaClassical/raw/078eccab4102c9c5a807aea41945485382507bc5/ReaClassicalCore/ReaClassical%20Core_Add%20Source%20OUT%20marker.lua</source>
        <source main="main" file="ReaClassical Core_Delete All S-D markers.lua">https://github.com/chmaha/ReaClassical/raw/078eccab4102c9c5a807aea41945485382507bc5/ReaClassicalCore/ReaClassical%20Core_Delete%20All%20S-D%20markers.lua</source>
        <source main="main" file="ReaClassical Core_Prepare Takes.lua">https://github.com/chmaha/ReaClassical/raw/078eccab4102c9c5a807aea41945485382507bc5/ReaClassicalCore/ReaClassical%20Core_Prepare%20Takes.lua</source>
        <source main="main" file="ReaClassical Core_S-D Edit.lua">https://github.com/chmaha/ReaClassical/raw/078eccab4102c9c5a807aea41945485382507bc5/ReaClassicalCore/ReaClassical%20Core_S-D%20Edit.lua</source>
        <source main="main" file="ReaClassical Core_Delete Leaving Silence.lua">https://github.com/chmaha/ReaClassical/raw/078eccab4102c9c5a807aea41945485382507bc5/ReaClassicalCore/ReaClassical%20Core_Delete%20Leaving%20Silence.lua</source>
        <source main="main" file="ReaClassical Core_Delete With Ripple.lua">https://github.com/chmaha/ReaClassical/raw/078eccab4102c9c5a807aea41945485382507bc5/ReaClassicalCore/ReaClassical%20Core_Delete%20With%20Ripple.lua</source>
        <source main="main" file="ReaClassical Core_Insert with timestretching.lua">https://github.com/chmaha/ReaClassical/raw/078eccab4102c9c5a807aea41945485382507bc5/ReaClassicalCore/ReaClassical%20Core_Insert%20with%20timestretching.lua</source>
        <source main="main" file="ReaClassical Core_Preferences.lua">https://github.com/chmaha/ReaClassical/raw/078eccab4102c9c5a807aea41945485382507bc5/ReaClassicalCore/ReaClassical%20Core_Preferences.lua</source>
        <source main="main" file="ReaClassical Core_Move to Destination IN marker.lua">https://github.com/chmaha/ReaClassical/raw/078eccab4102c9c5a807aea41945485382507bc5/ReaClassicalCore/ReaClassical%20Core_Move%20to%20Destination%20IN%20marker.lua</source>
        <source main="main" file="ReaClassical Core_Move to Destination OUT marker.lua">https://github.com/chmaha/ReaClassical/raw/078eccab4102c9c5a807aea41945485382507bc5/ReaClassicalCore/ReaClassical%20Core_Move%20to%20Destination%20OUT%20marker.lua</source>
        <source main="main" file="ReaClassical Core_Move to Source IN marker.lua">https://github.com/chmaha/ReaClassical/raw/078eccab4102c9c5a807aea41945485382507bc5/ReaClassicalCore/ReaClassical%20Core_Move%20to%20Source%20IN%20marker.lua</source>
        <source main="main" file="ReaClassical Core_Move to Source OUT marker.lua">https://github.com/chmaha/ReaClassical/raw/078eccab4102c9c5a807aea41945485382507bc5/ReaClassicalCore/ReaClassical%20Core_Move%20to%20Source%20OUT%20marker.lua</source>
        <source main="main" file="ReaClassical Core_Zoom to Destination IN marker.lua">https://github.com/chmaha/ReaClassical/raw/078eccab4102c9c5a807aea41945485382507bc5/ReaClassicalCore/ReaClassical%20Core_Zoom%20to%20Destination%20IN%20marker.lua</source>
        <source main="main" file="ReaClassical Core_Zoom to Destination OUT marker.lua">https://github.com/chmaha/ReaClassical/raw/078eccab4102c9c5a807aea41945485382507bc5/ReaClassicalCore/ReaClassical%20Core_Zoom%20to%20Destination%20OUT%20marker.lua</source>
        <source main="main" file="ReaClassical Core_Zoom to Source IN marker.lua">https://github.com/chmaha/ReaClassical/raw/078eccab4102c9c5a807aea41945485382507bc5/ReaClassicalCore/ReaClassical%20Core_Zoom%20to%20Source%20IN%20marker.lua</source>
        <source main="main" file="ReaClassical Core_Zoom to Source OUT marker.lua">https://github.com/chmaha/ReaClassical/raw/078eccab4102c9c5a807aea41945485382507bc5/ReaClassicalCore/ReaClassical%20Core_Zoom%20to%20Source%20OUT%20marker.lua</source>
        <source main="main" file="ReaClassical Core_3-point Insert Edit.lua">https://github.com/chmaha/ReaClassical/raw/078eccab4102c9c5a807aea41945485382507bc5/ReaClassicalCore/ReaClassical%20Core_3-point%20Insert%20Edit.lua</source>
        <source main="main" file="ReaClassical Core_Set Dest Project Marker.lua">https://github.com/chmaha/ReaClassical/raw/078eccab4102c9c5a807aea41945485382507bc5/ReaClassicalCore/ReaClassical%20Core_Set%20Dest%20Project%20Marker.lua</source>
        <source main="main" file="ReaClassical Core_Set Source Project Marker.lua">https://github.com/chmaha/ReaClassical/raw/078eccab4102c9c5a807aea41945485382507bc5/ReaClassicalCore/ReaClassical%20Core_Set%20Source%20Project%20Marker.lua</source>
        <source main="main" file="ReaClassical Core_Source Markers to Item Edge.lua">https://github.com/chmaha/ReaClassical/raw/078eccab4102c9c5a807aea41945485382507bc5/ReaClassicalCore/ReaClassical%20Core_Source%20Markers%20to%20Item%20Edge.lua</source>
        <source main="main" file="ReaClassical Core_Destination Markers to Item Edge.lua">https://github.com/chmaha/ReaClassical/raw/078eccab4102c9c5a807aea41945485382507bc5/ReaClassicalCore/ReaClassical%20Core_Destination%20Markers%20to%20Item%20Edge.lua</source>
        <source main="main" file="ReaClassical Core_Delete S-D Project Markers.lua">https://github.com/chmaha/ReaClassical/raw/078eccab4102c9c5a807aea41945485382507bc5/ReaClassicalCore/ReaClassical%20Core_Delete%20S-D%20Project%20Markers.lua</source>
        <source main="main" file="ReaClassical Core_Find Take.lua">https://github.com/chmaha/ReaClassical/raw/078eccab4102c9c5a807aea41945485382507bc5/ReaClassicalCore/ReaClassical%20Core_Find%20Take.lua</source>
      </version>
      <version name="1.5" author="chmaha" time="2025-08-29T19:26:31Z">
        <changelog><![CDATA[Satisfy luacheck in terms of line length]]></changelog>
        <source main="main" file="ReaClassical Core_Add Destination IN marker.lua">https://github.com/chmaha/ReaClassical/raw/ee81052aaa30e08d7d72192108876bb727c45f6d/ReaClassicalCore/ReaClassical%20Core_Add%20Destination%20IN%20marker.lua</source>
        <source main="main" file="ReaClassical Core_Add Destination OUT Marker.lua">https://github.com/chmaha/ReaClassical/raw/ee81052aaa30e08d7d72192108876bb727c45f6d/ReaClassicalCore/ReaClassical%20Core_Add%20Destination%20OUT%20Marker.lua</source>
        <source main="main" file="ReaClassical Core_Add Source IN marker.lua">https://github.com/chmaha/ReaClassical/raw/ee81052aaa30e08d7d72192108876bb727c45f6d/ReaClassicalCore/ReaClassical%20Core_Add%20Source%20IN%20marker.lua</source>
        <source main="main" file="ReaClassical Core_Add Source OUT marker.lua">https://github.com/chmaha/ReaClassical/raw/ee81052aaa30e08d7d72192108876bb727c45f6d/ReaClassicalCore/ReaClassical%20Core_Add%20Source%20OUT%20marker.lua</source>
        <source main="main" file="ReaClassical Core_Delete All S-D markers.lua">https://github.com/chmaha/ReaClassical/raw/ee81052aaa30e08d7d72192108876bb727c45f6d/ReaClassicalCore/ReaClassical%20Core_Delete%20All%20S-D%20markers.lua</source>
        <source main="main" file="ReaClassical Core_Prepare Takes.lua">https://github.com/chmaha/ReaClassical/raw/ee81052aaa30e08d7d72192108876bb727c45f6d/ReaClassicalCore/ReaClassical%20Core_Prepare%20Takes.lua</source>
        <source main="main" file="ReaClassical Core_S-D Edit.lua">https://github.com/chmaha/ReaClassical/raw/ee81052aaa30e08d7d72192108876bb727c45f6d/ReaClassicalCore/ReaClassical%20Core_S-D%20Edit.lua</source>
        <source main="main" file="ReaClassical Core_Delete Leaving Silence.lua">https://github.com/chmaha/ReaClassical/raw/ee81052aaa30e08d7d72192108876bb727c45f6d/ReaClassicalCore/ReaClassical%20Core_Delete%20Leaving%20Silence.lua</source>
        <source main="main" file="ReaClassical Core_Delete With Ripple.lua">https://github.com/chmaha/ReaClassical/raw/ee81052aaa30e08d7d72192108876bb727c45f6d/ReaClassicalCore/ReaClassical%20Core_Delete%20With%20Ripple.lua</source>
        <source main="main" file="ReaClassical Core_Insert with timestretching.lua">https://github.com/chmaha/ReaClassical/raw/ee81052aaa30e08d7d72192108876bb727c45f6d/ReaClassicalCore/ReaClassical%20Core_Insert%20with%20timestretching.lua</source>
        <source main="main" file="ReaClassical Core_Preferences.lua">https://github.com/chmaha/ReaClassical/raw/ee81052aaa30e08d7d72192108876bb727c45f6d/ReaClassicalCore/ReaClassical%20Core_Preferences.lua</source>
        <source main="main" file="ReaClassical Core_Move to Destination IN marker.lua">https://github.com/chmaha/ReaClassical/raw/ee81052aaa30e08d7d72192108876bb727c45f6d/ReaClassicalCore/ReaClassical%20Core_Move%20to%20Destination%20IN%20marker.lua</source>
        <source main="main" file="ReaClassical Core_Move to Destination OUT marker.lua">https://github.com/chmaha/ReaClassical/raw/ee81052aaa30e08d7d72192108876bb727c45f6d/ReaClassicalCore/ReaClassical%20Core_Move%20to%20Destination%20OUT%20marker.lua</source>
        <source main="main" file="ReaClassical Core_Move to Source IN marker.lua">https://github.com/chmaha/ReaClassical/raw/ee81052aaa30e08d7d72192108876bb727c45f6d/ReaClassicalCore/ReaClassical%20Core_Move%20to%20Source%20IN%20marker.lua</source>
        <source main="main" file="ReaClassical Core_Move to Source OUT marker.lua">https://github.com/chmaha/ReaClassical/raw/ee81052aaa30e08d7d72192108876bb727c45f6d/ReaClassicalCore/ReaClassical%20Core_Move%20to%20Source%20OUT%20marker.lua</source>
        <source main="main" file="ReaClassical Core_Zoom to Destination IN marker.lua">https://github.com/chmaha/ReaClassical/raw/ee81052aaa30e08d7d72192108876bb727c45f6d/ReaClassicalCore/ReaClassical%20Core_Zoom%20to%20Destination%20IN%20marker.lua</source>
        <source main="main" file="ReaClassical Core_Zoom to Destination OUT marker.lua">https://github.com/chmaha/ReaClassical/raw/ee81052aaa30e08d7d72192108876bb727c45f6d/ReaClassicalCore/ReaClassical%20Core_Zoom%20to%20Destination%20OUT%20marker.lua</source>
        <source main="main" file="ReaClassical Core_Zoom to Source IN marker.lua">https://github.com/chmaha/ReaClassical/raw/ee81052aaa30e08d7d72192108876bb727c45f6d/ReaClassicalCore/ReaClassical%20Core_Zoom%20to%20Source%20IN%20marker.lua</source>
        <source main="main" file="ReaClassical Core_Zoom to Source OUT marker.lua">https://github.com/chmaha/ReaClassical/raw/ee81052aaa30e08d7d72192108876bb727c45f6d/ReaClassicalCore/ReaClassical%20Core_Zoom%20to%20Source%20OUT%20marker.lua</source>
        <source main="main" file="ReaClassical Core_3-point Insert Edit.lua">https://github.com/chmaha/ReaClassical/raw/ee81052aaa30e08d7d72192108876bb727c45f6d/ReaClassicalCore/ReaClassical%20Core_3-point%20Insert%20Edit.lua</source>
        <source main="main" file="ReaClassical Core_Set Dest Project Marker.lua">https://github.com/chmaha/ReaClassical/raw/ee81052aaa30e08d7d72192108876bb727c45f6d/ReaClassicalCore/ReaClassical%20Core_Set%20Dest%20Project%20Marker.lua</source>
        <source main="main" file="ReaClassical Core_Set Source Project Marker.lua">https://github.com/chmaha/ReaClassical/raw/ee81052aaa30e08d7d72192108876bb727c45f6d/ReaClassicalCore/ReaClassical%20Core_Set%20Source%20Project%20Marker.lua</source>
        <source main="main" file="ReaClassical Core_Source Markers to Item Edge.lua">https://github.com/chmaha/ReaClassical/raw/ee81052aaa30e08d7d72192108876bb727c45f6d/ReaClassicalCore/ReaClassical%20Core_Source%20Markers%20to%20Item%20Edge.lua</source>
        <source main="main" file="ReaClassical Core_Destination Markers to Item Edge.lua">https://github.com/chmaha/ReaClassical/raw/ee81052aaa30e08d7d72192108876bb727c45f6d/ReaClassicalCore/ReaClassical%20Core_Destination%20Markers%20to%20Item%20Edge.lua</source>
        <source main="main" file="ReaClassical Core_Delete S-D Project Markers.lua">https://github.com/chmaha/ReaClassical/raw/ee81052aaa30e08d7d72192108876bb727c45f6d/ReaClassicalCore/ReaClassical%20Core_Delete%20S-D%20Project%20Markers.lua</source>
        <source main="main" file="ReaClassical Core_Find Take.lua">https://github.com/chmaha/ReaClassical/raw/ee81052aaa30e08d7d72192108876bb727c45f6d/ReaClassicalCore/ReaClassical%20Core_Find%20Take.lua</source>
      </version>
    </reapack>
  </category>
</index>
