<?xml version="1.0" encoding="utf-8"?>
<index version="1" name="chmaha Scripts" commit="e528a912654c9072b2282eb3ad569b549a4d4be8">
  <category name="RCPlugs">
    <reapack name="rcplugs.jsfx" type="effect" desc="RCPlugs">
      <metadata>
        <description><![CDATA[{\rtf1\ansi\deff0{\fonttbl{\f0 \fswiss Helvetica;}{\f1 \fmodern Courier;}}
{\colortbl;\red255\green0\blue0;\red0\green0\blue255;}
\widowctrl\hyphauto

{\pard \ql \f0 \sa180 \li0 \fi0 These plugins are suitable for classical music mixing and mastering.\par}
}
]]></description>
      </metadata>
      <version name="1.3" author="chmaha" time="2023-06-04T12:45:10Z">
        <changelog><![CDATA[NO-OP: Fix desc gaps]]></changelog>
        <source file="RCComp.jsfx">https://github.com/chmaha/ReaClassical/raw/f80a1330d6f679fa10cd6eb150abad22dcdc900e/RCPlugs/RCComp.jsfx</source>
        <source file="RCDeEss.jsfx">https://github.com/chmaha/ReaClassical/raw/f80a1330d6f679fa10cd6eb150abad22dcdc900e/RCPlugs/RCDeEss.jsfx</source>
        <source file="RCDeEss_Advanced.jsfx">https://github.com/chmaha/ReaClassical/raw/f80a1330d6f679fa10cd6eb150abad22dcdc900e/RCPlugs/RCDeEss_Advanced.jsfx</source>
        <source file="RCDither.jsfx">https://github.com/chmaha/ReaClassical/raw/f80a1330d6f679fa10cd6eb150abad22dcdc900e/RCPlugs/RCDither.jsfx</source>
        <source file="RCEQ.jsfx">https://github.com/chmaha/ReaClassical/raw/f80a1330d6f679fa10cd6eb150abad22dcdc900e/RCPlugs/RCEQ.jsfx</source>
        <source file="RCGain.jsfx">https://github.com/chmaha/ReaClassical/raw/f80a1330d6f679fa10cd6eb150abad22dcdc900e/RCPlugs/RCGain.jsfx</source>
        <source file="RCLimiter.jsfx">https://github.com/chmaha/ReaClassical/raw/f80a1330d6f679fa10cd6eb150abad22dcdc900e/RCPlugs/RCLimiter.jsfx</source>
        <source file="RCParallelK.jsfx">https://github.com/chmaha/ReaClassical/raw/f80a1330d6f679fa10cd6eb150abad22dcdc900e/RCPlugs/RCParallelK.jsfx</source>
      </version>
    </reapack>
  </category>
  <category name="ReaClassical">
    <reapack name="ReaClassical.lua" type="script" desc="ReaClassical">
      <metadata>
        <description><![CDATA[{\rtf1\ansi\deff0{\fonttbl{\f0 \fswiss Helvetica;}{\f1 \fmodern Courier;}}
{\colortbl;\red255\green0\blue0;\red0\green0\blue255;}
\widowctrl\hyphauto

{\pard \ql \f0 \sa180 \li0 \fi0 These scripts, along with the included custom project template and theme, provide everything you need for professional classical music editing, mixing and mastering in REAPER.\par}
}
]]></description>
      </metadata>
      <version name="23.23" author="chmaha" time="2023-12-13T13:44:57Z">
        <changelog><![CDATA[Add album length comment to CUE file to prepare the way for creation of automated ReaClassical album report
Add ISRC to CUE file when present
CUE generation: Ensure album metadata is surrounded by quotation marks
Ensure that the final region doesn't include a "!" in the name if a pregap exists before it
CUE generation: Add CATALOG to top of CUE file if present in the album metadata @ marker
Create plaintext and HTML album reports when creating a CUE file
Use snake case for all function names
Add pregap lines to album reports
Correct calculation of final track duration when preceeded by a pregap
CUE and report generation: Use DDP @ album metadata if available
CUE and report generation: Always use saved year if available
CUE generation: Add REM line about ReaClassical
CUE generation Bugfix: Use WAVE vs WAV as file type for WAV, FLAC and WavPack
CUE generation: Add INDEX 00 lines if pre-gaps present in project
CUE generation: Beautify HTML album report
Generate CUE: Fix path slash match
Generate CUE: A few no-op code changes
Generate CUE: Allow for both RPP and rpp extensions (default depends on OS)]]></changelog>
        <source main="main" file="ReaClassical_Add Destination IN marker.lua">https://github.com/chmaha/ReaClassical/raw/b0a68c070e90557cb3ea2596a7984d9670f09636/ReaClassical/ReaClassical_Add%20Destination%20IN%20marker.lua</source>
        <source main="main" file="ReaClassical_Add Destination OUT Marker.lua">https://github.com/chmaha/ReaClassical/raw/b0a68c070e90557cb3ea2596a7984d9670f09636/ReaClassical/ReaClassical_Add%20Destination%20OUT%20Marker.lua</source>
        <source main="main" file="ReaClassical_Add Source IN marker.lua">https://github.com/chmaha/ReaClassical/raw/b0a68c070e90557cb3ea2596a7984d9670f09636/ReaClassical/ReaClassical_Add%20Source%20IN%20marker.lua</source>
        <source main="main" file="ReaClassical_Add Source OUT marker.lua">https://github.com/chmaha/ReaClassical/raw/b0a68c070e90557cb3ea2596a7984d9670f09636/ReaClassical/ReaClassical_Add%20Source%20OUT%20marker.lua</source>
        <source main="main" file="ReaClassical_Classical Crossfade Editor.lua">https://github.com/chmaha/ReaClassical/raw/b0a68c070e90557cb3ea2596a7984d9670f09636/ReaClassical/ReaClassical_Classical%20Crossfade%20Editor.lua</source>
        <source main="main" file="ReaClassical_Classical Crossfade.lua">https://github.com/chmaha/ReaClassical/raw/b0a68c070e90557cb3ea2596a7984d9670f09636/ReaClassical/ReaClassical_Classical%20Crossfade.lua</source>
        <source main="main" file="ReaClassical_Classical Take Record.lua">https://github.com/chmaha/ReaClassical/raw/b0a68c070e90557cb3ea2596a7984d9670f09636/ReaClassical/ReaClassical_Classical%20Take%20Record.lua</source>
        <source main="main" file="ReaClassical_Delete All S-D markers.lua">https://github.com/chmaha/ReaClassical/raw/b0a68c070e90557cb3ea2596a7984d9670f09636/ReaClassical/ReaClassical_Delete%20All%20S-D%20markers.lua</source>
        <source main="main" file="ReaClassical_Duplicate folder (No items).lua">https://github.com/chmaha/ReaClassical/raw/b0a68c070e90557cb3ea2596a7984d9670f09636/ReaClassical/ReaClassical_Duplicate%20folder%20(No%20items).lua</source>
        <source main="main" file="ReaClassical_Edit Classical Crossfade.lua">https://github.com/chmaha/ReaClassical/raw/b0a68c070e90557cb3ea2596a7984d9670f09636/ReaClassical/ReaClassical_Edit%20Classical%20Crossfade.lua</source>
        <source main="main" file="ReaClassical_Prepare Takes.lua">https://github.com/chmaha/ReaClassical/raw/b0a68c070e90557cb3ea2596a7984d9670f09636/ReaClassical/ReaClassical_Prepare%20Takes.lua</source>
        <source main="main" file="ReaClassical_S-D Edit.lua">https://github.com/chmaha/ReaClassical/raw/b0a68c070e90557cb3ea2596a7984d9670f09636/ReaClassical/ReaClassical_S-D%20Edit.lua</source>
        <source main="main" file="ReaClassical_Whole Project View Horizontal.lua">https://github.com/chmaha/ReaClassical/raw/b0a68c070e90557cb3ea2596a7984d9670f09636/ReaClassical/ReaClassical_Whole%20Project%20View%20Horizontal.lua</source>
        <source main="main" file="ReaClassical_Whole Project View Vertical.lua">https://github.com/chmaha/ReaClassical/raw/b0a68c070e90557cb3ea2596a7984d9670f09636/ReaClassical/ReaClassical_Whole%20Project%20View%20Vertical.lua</source>
        <source main="main" file="ReaClassical_Create source groups (vertical).lua">https://github.com/chmaha/ReaClassical/raw/b0a68c070e90557cb3ea2596a7984d9670f09636/ReaClassical/ReaClassical_Create%20source%20groups%20(vertical).lua</source>
        <source main="main" file="ReaClassical_Audition.lua">https://github.com/chmaha/ReaClassical/raw/b0a68c070e90557cb3ea2596a7984d9670f09636/ReaClassical/ReaClassical_Audition.lua</source>
        <source main="main" file="ReaClassical_3-point edit replace.lua">https://github.com/chmaha/ReaClassical/raw/b0a68c070e90557cb3ea2596a7984d9670f09636/ReaClassical/ReaClassical_3-point%20edit%20replace.lua</source>
        <source main="main" file="ReaClassical_Delete Leaving Silence.lua">https://github.com/chmaha/ReaClassical/raw/b0a68c070e90557cb3ea2596a7984d9670f09636/ReaClassical/ReaClassical_Delete%20Leaving%20Silence.lua</source>
        <source main="main" file="ReaClassical_Delete With Ripple.lua">https://github.com/chmaha/ReaClassical/raw/b0a68c070e90557cb3ea2596a7984d9670f09636/ReaClassical/ReaClassical_Delete%20With%20Ripple.lua</source>
        <source main="main" file="ReaClassical_Insert with timestretching.lua">https://github.com/chmaha/ReaClassical/raw/b0a68c070e90557cb3ea2596a7984d9670f09636/ReaClassical/ReaClassical_Insert%20with%20timestretching.lua</source>
        <source main="main" file="ReaClassical_Create Folder.lua">https://github.com/chmaha/ReaClassical/raw/b0a68c070e90557cb3ea2596a7984d9670f09636/ReaClassical/ReaClassical_Create%20Folder.lua</source>
        <source main="main" file="ReaClassical_Lock_toggle.lua">https://github.com/chmaha/ReaClassical/raw/b0a68c070e90557cb3ea2596a7984d9670f09636/ReaClassical/ReaClassical_Lock_toggle.lua</source>
        <source main="main" file="ReaClassical_Create CD Markers.lua">https://github.com/chmaha/ReaClassical/raw/b0a68c070e90557cb3ea2596a7984d9670f09636/ReaClassical/ReaClassical_Create%20CD%20Markers.lua</source>
        <source main="main" file="ReaClassical_Help.lua">https://github.com/chmaha/ReaClassical/raw/b0a68c070e90557cb3ea2596a7984d9670f09636/ReaClassical/ReaClassical_Help.lua</source>
        <source main="main" file="ReaClassical_Next Item or Fade.lua">https://github.com/chmaha/ReaClassical/raw/b0a68c070e90557cb3ea2596a7984d9670f09636/ReaClassical/ReaClassical_Next%20Item%20or%20Fade.lua</source>
        <source main="main" file="ReaClassical_Previous Item or Fade.lua">https://github.com/chmaha/ReaClassical/raw/b0a68c070e90557cb3ea2596a7984d9670f09636/ReaClassical/ReaClassical_Previous%20Item%20or%20Fade.lua</source>
        <source main="main" file="ReaClassical_Add Aux or Submix.lua">https://github.com/chmaha/ReaClassical/raw/b0a68c070e90557cb3ea2596a7984d9670f09636/ReaClassical/ReaClassical_Add%20Aux%20or%20Submix.lua</source>
        <source main="main" file="ReaClassical_Reposition_Album_Tracks.lua">https://github.com/chmaha/ReaClassical/raw/b0a68c070e90557cb3ea2596a7984d9670f09636/ReaClassical/ReaClassical_Reposition_Album_Tracks.lua</source>
        <source main="main" file="ReaClassical_mpl_Markers to CUE.lua">https://github.com/chmaha/ReaClassical/raw/b0a68c070e90557cb3ea2596a7984d9670f09636/ReaClassical/ReaClassical_mpl_Markers%20to%20CUE.lua</source>
        <source main="main" file="ReaClassical_Preferences.lua">https://github.com/chmaha/ReaClassical/raw/b0a68c070e90557cb3ea2596a7984d9670f09636/ReaClassical/ReaClassical_Preferences.lua</source>
        <source main="main" file="ReaClassical_TrackLeft.lua">https://github.com/chmaha/ReaClassical/raw/b0a68c070e90557cb3ea2596a7984d9670f09636/ReaClassical/ReaClassical_TrackLeft.lua</source>
        <source main="main" file="ReaClassical_TrackRight.lua">https://github.com/chmaha/ReaClassical/raw/b0a68c070e90557cb3ea2596a7984d9670f09636/ReaClassical/ReaClassical_TrackRight.lua</source>
        <source main="main" file="ReaClassical_ExplodeMultiChannel.lua">https://github.com/chmaha/ReaClassical/raw/b0a68c070e90557cb3ea2596a7984d9670f09636/ReaClassical/ReaClassical_ExplodeMultiChannel.lua</source>
        <source main="main" file="ReaClassical_Colorize.lua">https://github.com/chmaha/ReaClassical/raw/b0a68c070e90557cb3ea2596a7984d9670f09636/ReaClassical/ReaClassical_Colorize.lua</source>
        <source main="main" file="ReaClassical_Add RoomTone Track.lua">https://github.com/chmaha/ReaClassical/raw/b0a68c070e90557cb3ea2596a7984d9670f09636/ReaClassical/ReaClassical_Add%20RoomTone%20Track.lua</source>
        <source type="projecttpl" file="ReaClassical.RPP">https://github.com/chmaha/ReaClassical/raw/b0a68c070e90557cb3ea2596a7984d9670f09636/ReaClassical/ReaClassical.RPP</source>
        <source type="theme" file="ReaClassical.ReaperThemeZip">https://github.com/chmaha/ReaClassical/raw/b0a68c070e90557cb3ea2596a7984d9670f09636/ReaClassical/ReaClassical.ReaperThemeZip</source>
        <source type="theme" file="Pyramix.ReaperThemeZip">https://github.com/chmaha/ReaClassical/raw/b0a68c070e90557cb3ea2596a7984d9670f09636/ReaClassical/Pyramix.ReaperThemeZip</source>
        <source type="theme" file="Sequoia.ReaperThemeZip">https://github.com/chmaha/ReaClassical/raw/b0a68c070e90557cb3ea2596a7984d9670f09636/ReaClassical/Sequoia.ReaperThemeZip</source>
        <source type="theme" file="SaDiE.ReaperThemeZip">https://github.com/chmaha/ReaClassical/raw/b0a68c070e90557cb3ea2596a7984d9670f09636/ReaClassical/SaDiE.ReaperThemeZip</source>
        <source type="theme" file="Sonic Solutions.ReaperThemeZip">https://github.com/chmaha/ReaClassical/raw/b0a68c070e90557cb3ea2596a7984d9670f09636/ReaClassical/Sonic%20Solutions.ReaperThemeZip</source>
        <source file="ReaClassical_PDF_Guide.pdf">https://github.com/chmaha/ReaClassical/raw/b0a68c070e90557cb3ea2596a7984d9670f09636/PDF_Guide/ReaClassical%20User%20Guide.pdf</source>
      </version>
      <version name="24.1pre17" author="chmaha" time="2023-12-16T16:12:43Z">
        <changelog><![CDATA[Add new logo to PDF Guide]]></changelog>
        <source main="main" file="ReaClassical_Add Destination IN marker.lua">https://github.com/chmaha/ReaClassical/raw/e528a912654c9072b2282eb3ad569b549a4d4be8/ReaClassical/ReaClassical_Add%20Destination%20IN%20marker.lua</source>
        <source main="main" file="ReaClassical_Add Destination OUT Marker.lua">https://github.com/chmaha/ReaClassical/raw/e528a912654c9072b2282eb3ad569b549a4d4be8/ReaClassical/ReaClassical_Add%20Destination%20OUT%20Marker.lua</source>
        <source main="main" file="ReaClassical_Add Source IN marker.lua">https://github.com/chmaha/ReaClassical/raw/e528a912654c9072b2282eb3ad569b549a4d4be8/ReaClassical/ReaClassical_Add%20Source%20IN%20marker.lua</source>
        <source main="main" file="ReaClassical_Add Source OUT marker.lua">https://github.com/chmaha/ReaClassical/raw/e528a912654c9072b2282eb3ad569b549a4d4be8/ReaClassical/ReaClassical_Add%20Source%20OUT%20marker.lua</source>
        <source main="main" file="ReaClassical_Classical Crossfade Editor.lua">https://github.com/chmaha/ReaClassical/raw/e528a912654c9072b2282eb3ad569b549a4d4be8/ReaClassical/ReaClassical_Classical%20Crossfade%20Editor.lua</source>
        <source main="main" file="ReaClassical_Classical Crossfade.lua">https://github.com/chmaha/ReaClassical/raw/e528a912654c9072b2282eb3ad569b549a4d4be8/ReaClassical/ReaClassical_Classical%20Crossfade.lua</source>
        <source main="main" file="ReaClassical_Classical Take Record.lua">https://github.com/chmaha/ReaClassical/raw/e528a912654c9072b2282eb3ad569b549a4d4be8/ReaClassical/ReaClassical_Classical%20Take%20Record.lua</source>
        <source main="main" file="ReaClassical_Delete All S-D markers.lua">https://github.com/chmaha/ReaClassical/raw/e528a912654c9072b2282eb3ad569b549a4d4be8/ReaClassical/ReaClassical_Delete%20All%20S-D%20markers.lua</source>
        <source main="main" file="ReaClassical_Duplicate folder (No items).lua">https://github.com/chmaha/ReaClassical/raw/e528a912654c9072b2282eb3ad569b549a4d4be8/ReaClassical/ReaClassical_Duplicate%20folder%20(No%20items).lua</source>
        <source main="main" file="ReaClassical_Edit Classical Crossfade.lua">https://github.com/chmaha/ReaClassical/raw/e528a912654c9072b2282eb3ad569b549a4d4be8/ReaClassical/ReaClassical_Edit%20Classical%20Crossfade.lua</source>
        <source main="main" file="ReaClassical_Prepare Takes.lua">https://github.com/chmaha/ReaClassical/raw/e528a912654c9072b2282eb3ad569b549a4d4be8/ReaClassical/ReaClassical_Prepare%20Takes.lua</source>
        <source main="main" file="ReaClassical_S-D Edit.lua">https://github.com/chmaha/ReaClassical/raw/e528a912654c9072b2282eb3ad569b549a4d4be8/ReaClassical/ReaClassical_S-D%20Edit.lua</source>
        <source main="main" file="ReaClassical_Whole Project View Horizontal.lua">https://github.com/chmaha/ReaClassical/raw/e528a912654c9072b2282eb3ad569b549a4d4be8/ReaClassical/ReaClassical_Whole%20Project%20View%20Horizontal.lua</source>
        <source main="main" file="ReaClassical_Whole Project View Vertical.lua">https://github.com/chmaha/ReaClassical/raw/e528a912654c9072b2282eb3ad569b549a4d4be8/ReaClassical/ReaClassical_Whole%20Project%20View%20Vertical.lua</source>
        <source main="main" file="ReaClassical_Create source groups (vertical).lua">https://github.com/chmaha/ReaClassical/raw/e528a912654c9072b2282eb3ad569b549a4d4be8/ReaClassical/ReaClassical_Create%20source%20groups%20(vertical).lua</source>
        <source main="main" file="ReaClassical_Audition.lua">https://github.com/chmaha/ReaClassical/raw/e528a912654c9072b2282eb3ad569b549a4d4be8/ReaClassical/ReaClassical_Audition.lua</source>
        <source main="main" file="ReaClassical_3-point edit replace.lua">https://github.com/chmaha/ReaClassical/raw/e528a912654c9072b2282eb3ad569b549a4d4be8/ReaClassical/ReaClassical_3-point%20edit%20replace.lua</source>
        <source main="main" file="ReaClassical_Delete Leaving Silence.lua">https://github.com/chmaha/ReaClassical/raw/e528a912654c9072b2282eb3ad569b549a4d4be8/ReaClassical/ReaClassical_Delete%20Leaving%20Silence.lua</source>
        <source main="main" file="ReaClassical_Delete With Ripple.lua">https://github.com/chmaha/ReaClassical/raw/e528a912654c9072b2282eb3ad569b549a4d4be8/ReaClassical/ReaClassical_Delete%20With%20Ripple.lua</source>
        <source main="main" file="ReaClassical_Insert with timestretching.lua">https://github.com/chmaha/ReaClassical/raw/e528a912654c9072b2282eb3ad569b549a4d4be8/ReaClassical/ReaClassical_Insert%20with%20timestretching.lua</source>
        <source main="main" file="ReaClassical_Create Folder.lua">https://github.com/chmaha/ReaClassical/raw/e528a912654c9072b2282eb3ad569b549a4d4be8/ReaClassical/ReaClassical_Create%20Folder.lua</source>
        <source main="main" file="ReaClassical_Lock_toggle.lua">https://github.com/chmaha/ReaClassical/raw/e528a912654c9072b2282eb3ad569b549a4d4be8/ReaClassical/ReaClassical_Lock_toggle.lua</source>
        <source main="main" file="ReaClassical_Create CD Markers.lua">https://github.com/chmaha/ReaClassical/raw/e528a912654c9072b2282eb3ad569b549a4d4be8/ReaClassical/ReaClassical_Create%20CD%20Markers.lua</source>
        <source main="main" file="ReaClassical_Help.lua">https://github.com/chmaha/ReaClassical/raw/e528a912654c9072b2282eb3ad569b549a4d4be8/ReaClassical/ReaClassical_Help.lua</source>
        <source main="main" file="ReaClassical_Next Item or Fade.lua">https://github.com/chmaha/ReaClassical/raw/e528a912654c9072b2282eb3ad569b549a4d4be8/ReaClassical/ReaClassical_Next%20Item%20or%20Fade.lua</source>
        <source main="main" file="ReaClassical_Previous Item or Fade.lua">https://github.com/chmaha/ReaClassical/raw/e528a912654c9072b2282eb3ad569b549a4d4be8/ReaClassical/ReaClassical_Previous%20Item%20or%20Fade.lua</source>
        <source main="main" file="ReaClassical_Add Aux or Submix.lua">https://github.com/chmaha/ReaClassical/raw/e528a912654c9072b2282eb3ad569b549a4d4be8/ReaClassical/ReaClassical_Add%20Aux%20or%20Submix.lua</source>
        <source main="main" file="ReaClassical_Reposition_Album_Tracks.lua">https://github.com/chmaha/ReaClassical/raw/e528a912654c9072b2282eb3ad569b549a4d4be8/ReaClassical/ReaClassical_Reposition_Album_Tracks.lua</source>
        <source main="main" file="ReaClassical_mpl_Markers to CUE.lua">https://github.com/chmaha/ReaClassical/raw/e528a912654c9072b2282eb3ad569b549a4d4be8/ReaClassical/ReaClassical_mpl_Markers%20to%20CUE.lua</source>
        <source main="main" file="ReaClassical_Preferences.lua">https://github.com/chmaha/ReaClassical/raw/e528a912654c9072b2282eb3ad569b549a4d4be8/ReaClassical/ReaClassical_Preferences.lua</source>
        <source main="main" file="ReaClassical_TrackLeft.lua">https://github.com/chmaha/ReaClassical/raw/e528a912654c9072b2282eb3ad569b549a4d4be8/ReaClassical/ReaClassical_TrackLeft.lua</source>
        <source main="main" file="ReaClassical_TrackRight.lua">https://github.com/chmaha/ReaClassical/raw/e528a912654c9072b2282eb3ad569b549a4d4be8/ReaClassical/ReaClassical_TrackRight.lua</source>
        <source main="main" file="ReaClassical_ExplodeMultiChannel.lua">https://github.com/chmaha/ReaClassical/raw/e528a912654c9072b2282eb3ad569b549a4d4be8/ReaClassical/ReaClassical_ExplodeMultiChannel.lua</source>
        <source main="main" file="ReaClassical_Colorize.lua">https://github.com/chmaha/ReaClassical/raw/e528a912654c9072b2282eb3ad569b549a4d4be8/ReaClassical/ReaClassical_Colorize.lua</source>
        <source main="main" file="ReaClassical_Add RoomTone Track.lua">https://github.com/chmaha/ReaClassical/raw/e528a912654c9072b2282eb3ad569b549a4d4be8/ReaClassical/ReaClassical_Add%20RoomTone%20Track.lua</source>
        <source type="projecttpl" file="ReaClassical.RPP">https://github.com/chmaha/ReaClassical/raw/e528a912654c9072b2282eb3ad569b549a4d4be8/ReaClassical/ReaClassical.RPP</source>
        <source type="theme" file="ReaClassical.ReaperThemeZip">https://github.com/chmaha/ReaClassical/raw/e528a912654c9072b2282eb3ad569b549a4d4be8/ReaClassical/ReaClassical.ReaperThemeZip</source>
        <source type="theme" file="Pyramix.ReaperThemeZip">https://github.com/chmaha/ReaClassical/raw/e528a912654c9072b2282eb3ad569b549a4d4be8/ReaClassical/Pyramix.ReaperThemeZip</source>
        <source type="theme" file="Sequoia.ReaperThemeZip">https://github.com/chmaha/ReaClassical/raw/e528a912654c9072b2282eb3ad569b549a4d4be8/ReaClassical/Sequoia.ReaperThemeZip</source>
        <source type="theme" file="SaDiE.ReaperThemeZip">https://github.com/chmaha/ReaClassical/raw/e528a912654c9072b2282eb3ad569b549a4d4be8/ReaClassical/SaDiE.ReaperThemeZip</source>
        <source type="theme" file="Sonic Solutions.ReaperThemeZip">https://github.com/chmaha/ReaClassical/raw/e528a912654c9072b2282eb3ad569b549a4d4be8/ReaClassical/Sonic%20Solutions.ReaperThemeZip</source>
        <source file="ReaClassical_PDF_Guide.pdf">https://github.com/chmaha/ReaClassical/raw/e528a912654c9072b2282eb3ad569b549a4d4be8/PDF_Guide/ReaClassical%20User%20Guide.pdf</source>
      </version>
    </reapack>
  </category>
</index>
